random,Landcover_Class,system:index
0.35449786187014276,6,0
0.022834557504303077,3,3
0.4425120593302886,11,4
0.03460009944148279,8,5
0.07441832220844435,12,6
0.10946693538295005,8,8
0.014464103493615488,9,9
0.04370988505621276,7,10
0.35705061393394444,9,11
0.3230639349996983,3,12
0.11846065501429481,17,13
0.25702495747897836,17,17
0.10908451616647119,17,20
0.0962469567125741,17,21
0.056091007192109354,17,24
0.19354129748895998,2,25
0.5969216934692686,11,29
0.08725149704808832,3,30
0.45667180164875487,9,31
0.040214141789784885,17,32
0.40770310162034673,0,33
0.3053583379340634,3,34
0.312910189144168,8,35
0.1813799137883354,0,36
0.6724502026197553,0,37
0.10960514601159199,0,40
0.6057181123826628,11,47
0.5569128427296095,17,48
0.2776025562444048,0,50
0.042708669323323956,0,51
0.6314299721142937,2,52
0.600341234605507,9,55
0.2930438000838457,9,56
0.520246513014504,8,57
0.14541694355781276,0,59
0.1052790065976581,11,62
0.020677003403654415,17,64
0.018276726351575623,12,68
0.2258174926288814,12,70
0.3374797616951243,0,71
0.289989170061399,0,72
0.6232963812895701,8,75
0.45865637990570185,4,76
0.1296179246330329,17,77
0.24751963464813886,0,80
0.41192105545002544,9,81
0.2865099384007833,11,85
0.05140994912011543,12,86
0.4827389623207877,0,89
0.016739466375607304,5,90
0.39106725864303626,3,92
0.30784685242395327,17,101
0.4794469904998393,4,103
0.12473277404232608,17,104
0.2587138519908304,12,105
0.3078953286795125,8,106
0.23784134414064328,19,111
0.3497384899236343,0,113
0.5266170995836785,19,114
0.2705910854257404,12,116
0.45627197151568477,8,118
0.691003595027918,0,119
0.6993928449122321,11,120
0.32048978737243294,4,122
0.6126007443444577,11,123
0.15416904512340712,12,124
0.033376437357909294,19,127
0.10401071648193483,0,128
0.10893724913584502,17,129
0.055374397672059095,4,130
0.1902861859991406,17,132
0.1242648238886277,12,133
0.41913640359253945,8,134
0.6110360290340534,11,138
0.13062105817142566,17,139
0.10951261690982639,17,140
0.223872154798741,12,142
0.22522846388139484,0,143
0.4928641808811335,0,145
0.6292787824338655,12,146
0.6439667491401707,0,147
0.4055795978889718,11,148
0.6433322048220818,17,151
0.04414320002657046,3,154
0.4791634283854993,8,155
0.49787086502306266,17,156
0.5729062522399019,17,157
0.648606899756011,17,158
0.6738716600621562,12,159
0.6768583400502768,0,160
0.16280672453952827,11,161
0.37615093116790577,17,162
0.6001766879460467,17,169
0.2804829367143178,0,171
0.45337599735441747,17,173
0.4050722640654698,17,177
0.19260270828079884,3,178
0.3737922382012432,4,181
0.3087016110991423,12,183
0.32714979836123814,17,187
0.08702116644805169,17,189
0.5403982559106454,12,190
0.262836549019437,8,191
0.10988679194202633,9,193
0.6692527135475336,9,195
0.1476796214972228,17,196
0.0473705664907913,12,199
0.2735462969023593,17,200
0.10856361201734854,17,201
0.01282574997820296,3,202
0.5953899145487042,11,203
0.10003017527957314,3,205
0.10063107529181115,9,212
0.5193849118997744,0,215
0.2989220451878811,12,216
0.42126457126377725,19,217
0.540597930621536,12,218
0.13163651173936186,9,222
0.30870848459939293,17,224
0.26868909528827467,17,226
0.10848477385823097,11,227
0.5987094597198155,12,228
0.621260074516619,0,229
0.12227447277167403,3,231
0.09316031247791634,12,234
0.06119145258413072,11,235
0.6468315501352185,17,236
0.4065136368604725,12,238
0.28863113897838943,17,241
0.4010655464736097,12,243
0.3776100608633325,17,244
0.5278826201571399,0,246
0.17728426036298328,11,247
0.08188498392795285,18,250
0.44350296728053273,17,251
0.42711142413698044,11,252
0.2324000919264213,12,253
0.4035235846737698,9,254
0.2559668616883347,17,255
0.30004681742587536,12,256
0.36782661976028097,0,257
0.6320591825067462,11,259
0.40972697635765076,12,260
0.18435621952708192,16,262
0.17002164156834365,12,263
0.23002859771567408,8,264
0.5097447633442461,3,265
0.06998285513364821,17,268
0.4803108138160841,17,270
0.49780643182858475,0,272
0.11760210534552629,9,273
0.44642206707802856,3,274
0.44999260339533453,12,276
0.19579615333098221,0,277
0.12320830939662364,11,281
0.6925558866699336,2,283
0.5603125174638006,11,284
0.18223931748361677,12,286
0.45675333577530086,11,287
0.6509605515360691,17,290
0.0017049555248769277,0,293
0.2919764491203851,0,295
0.5135576450019912,4,296
0.5675881683435584,4,298
0.611839529022165,17,304
0.598712378697449,18,305
0.07169968328616727,12,306
0.44257545113393937,18,307
0.6796518991195983,9,311
0.16860542529765032,17,312
0.09997747731620621,12,316
0.6919689220054949,4,317
0.5872869580037496,8,320
0.650649711561286,9,321
0.1462998661904492,17,323
0.08350254196156315,17,326
0.01363841116693898,0,329
0.6029418744040904,11,330
0.5466141270337836,17,331
0.34391500384493656,11,338
0.18536095073663972,8,339
0.6145221078011556,12,340
0.20375948569653934,3,342
0.44734673574070905,17,344
0.28162600160641016,0,346
0.011969067984204607,3,347
0.6015833452054378,17,349
0.5672104997798337,17,353
0.5076999100128106,9,354
0.19322045993241554,9,357
0.6280799688820967,0,359
0.5285937911583253,17,360
0.6440248486030941,4,364
0.2462223981995495,8,365
0.41043088683227036,5,368
0.30278845246272723,0,371
0.6581598732788478,0,373
0.0573297518275252,9,375
0.6504235663329835,11,376
0.42957060261326196,4,377
0.049672420828328234,19,378
0.26956679518221127,0,381
0.6810984008086118,12,382
0.6000338754882395,12,383
0.09347395738704001,2,384
0.1395843417488748,11,386
0.23753294293508032,8,387
0.43578718239264647,9,388
0.4750815518049255,9,389
0.16164459509200624,11,393
0.38732271006580643,11,394
0.48710348269630843,12,397
0.22819511527448333,11,399
0.47354320423852947,11,404
0.0980801885361765,4,405
0.5780851102130655,4,406
0.028683040228732026,11,412
0.5123247900169607,17,414
0.3075556567209299,11,416
0.645126557700703,0,417
0.17931816126504796,0,419
0.2953598803916535,17,423
0.5118914356661619,0,424
0.2297353698482142,17,425
0.6908244608216543,0,426
0.618428257366048,8,428
0.33126459418849474,16,429
0.27423074023211225,17,432
0.21827080662460396,18,433
0.2862077440857389,8,434
0.6001069711246277,9,436
0.6442608985944036,4,439
0.06176271001029676,0,441
0.04880198375390199,12,443
0.1571665538091146,9,444
0.040936388326972994,9,445
0.45813409497194346,0,446
0.21625825712357827,0,447
0.2441497193366935,8,449
0.4542070262357515,11,450
0.5264791898659883,17,452
0.2483597280280475,12,455
0.33886897085040324,3,458
0.4497338359335342,4,460
0.6027078399231627,2,462
0.23485088827686906,12,463
0.10900708364255363,12,464
0.28115737759243953,4,465
0.6729248209401262,2,466
0.14423713717268483,17,469
0.31682469084913867,3,471
0.4997516811293926,17,472
0.5230847942657222,0,474
0.007117121970167006,17,475
0.43289177579288207,17,476
0.6613395092727324,12,477
0.05718092752125992,0,478
0.15037852005068608,12,483
0.19188899003486182,2,484
0.25184047262887865,11,487
0.46210619292973487,19,490
0.4133222681777191,12,492
0.3067281772875672,12,493
0.07247603741838737,9,498
0.6352007369167743,11,500
0.42136952871985567,12,503
0.5754977119004941,9,504
0.27274499167691235,4,505
0.6545007199506424,11,510
0.4720549790385534,11,512
0.03866683114827951,12,513
0.6145387719875265,11,515
0.330411689552379,5,516
0.6191848836260078,11,517
0.041572355820597595,12,518
0.3398587292411699,8,521
0.16697096994007377,8,523
0.20108735082916973,12,524
0.4112558638174696,3,530
0.35876633921187573,17,532
0.247332178296101,8,535
0.4208297815190619,11,537
0.14321997972238365,12,538
0.01114958856286663,11,539
0.43613287403465506,4,540
0.36423569566158354,9,541
0.3904399027740878,9,543
0.23176317968903593,0,545
0.09487350226371871,12,549
0.13654616373538586,7,551
0.193033214879075,12,554
0.6741307670969939,0,555
0.4835602570575761,0,558
0.1765449971185955,17,559
0.17161142279267794,17,560
0.5428975629956025,8,562
0.287993268977943,17,563
0.5392812833799497,0,564
0.009377581561842763,9,565
0.6545665814494841,17,566
0.06918310875666356,11,568
0.44083747611934443,8,570
0.15964916533717877,17,572
0.34314321198854203,11,573
0.6731894074110539,17,575
0.5251724908338746,8,577
0.13116129652818287,12,580
0.05971239085042068,17,581
0.3336120972369042,11,584
0.48994537342921807,11,585
0.303203856651555,12,586
0.38066563946577936,9,588
0.3596968964300232,5,589
0.12644611766126224,3,590
0.19121080040976968,11,593
0.6564801137821349,11,596
0.1802800539599022,8,598
0.22214046583487101,0,600
0.11087198738645643,9,601
0.634898638907902,19,602
0.052621296131921014,17,604
0.22021023479026614,11,605
0.33984803595867374,0,606
0.15908603250241382,11,607
0.042369672194853436,17,609
0.41875969345159614,9,615
0.1629378147764582,17,616
0.3689705704497731,8,619
0.30963245229554714,11,628
0.6011393898633401,12,632
0.6152605633397759,11,635
0.04790245292155959,9,637
0.5259007925856075,11,638
0.29538218368325897,17,639
0.5814408001892678,0,641
0.04754690007495632,19,642
0.02902452384401133,12,643
0.5480034808555678,12,644
0.034860646840975784,2,646
0.25908500064914564,12,647
0.41568528624597945,11,648
0.6157153890869582,9,649
0.1670434731630922,0,651
0.08587725822471892,4,652
0.5652721428129606,17,653
0.5866108050134422,0,654
0.4047699750917172,2,655
0.14917434987413491,9,657
0.5055187195157227,0,658
0.4189569601312443,12,663
0.5649968268960157,12,666
0.015204004366397461,9,667
0.4257513973685181,9,668
0.6660558278999391,8,669
0.11574692162060873,17,670
0.010897700176404679,0,671
0.566315314883435,18,675
0.6816541872635674,0,676
0.16756894498410002,17,677
0.5480610754606777,11,686
0.3635078901803499,0,688
0.48158192072481354,8,689
0.6409676509874219,0,690
0.6868021417614864,8,692
0.5830592486163069,8,693
0.2478535046849616,8,695
0.5251506425240214,12,696
0.5098213409280768,17,698
0.44244721217176874,8,701
0.23313650638981298,0,703
0.32524452260315617,11,705
0.3327256901754142,12,710
0.6594778052263414,12,711
0.19289053539172907,12,713
0.22844723060983096,11,715
0.1662322243298635,0,716
0.12807868629081942,9,718
0.40351167581976777,9,722
0.3353189293870438,5,723
0.056746024505493264,11,725
0.16071183266434763,8,726
0.5576628434398485,17,727
0.3070874750733249,12,728
0.42801491181985696,17,729
0.35667826648372003,0,730
0.006123457215128192,2,731
0.6656100505858155,8,732
0.16253226352251426,0,734
0.5295345056772321,9,735
0.660395055693022,0,738
0.310802468233627,0,742
0.5813416456397289,2,743
0.5435490044706571,0,745
0.15399852399360303,0,750
0.6032226646387612,17,751
0.6983520098299173,8,752
0.595953766423875,12,753
0.6148621769139392,8,754
0.6210278643821022,9,755
0.2924085161057247,17,756
0.23766916856550058,12,758
0.40742447222558875,0,759
0.25585227023000434,12,760
0.04377758368308349,0,762
0.41450842371638286,11,764
0.16370250023108412,17,765
0.22842253201338958,4,766
0.22083178894018363,9,768
0.4990785232725753,19,770
0.09798851293606103,17,773
0.5696645683753856,17,778
0.4008989788742985,12,780
0.3082727181428131,5,782
0.34185269606139335,9,783
0.09132374124152587,0,784
0.6563864503803591,0,785
0.2804343427426228,12,786
0.13704524574959098,17,788
0.11926012768578742,4,794
0.4787815152788526,3,795
0.6750467290365154,17,796
0.5315354544222317,17,798
0.1397046367160535,11,800
0.21643234623803875,12,801
0.06704692109066157,17,803
0.19025488437195792,12,806
0.5855642752810359,9,807
0.4825111166959336,8,808
0.42834920946742816,12,810
0.3314643431794193,17,811
0.6745354760926048,17,814
0.270099563479374,17,816
0.3654826483449749,0,818
0.2459698432676165,2,821
0.5919969738232225,17,822
0.6141081107351227,8,824
0.4762321070258694,17,827
0.1335561866592374,9,829
0.667769347738109,0,830
0.05157381993977894,17,832
0.36171730073876174,9,834
0.33383633278222546,17,835
0.0874094350480098,5,837
0.00841676893759058,17,839
0.6234518194897288,4,843
0.4273799734736844,19,844
0.23047648029743306,11,846
0.13376299831705019,17,848
0.24335225633813806,9,849
0.6351251183014877,3,853
0.3595730210723185,12,857
0.05412939617547485,9,858
0.5311819408411738,12,865
0.463210370216143,11,868
0.005086176279748056,17,869
0.21078217702354218,0,870
0.31512123576036666,5,871
0.06706661470859387,0,873
0.10847136064654239,12,874
0.05507599780337413,0,875
0.03725145098506777,17,880
0.44815393503695466,12,884
0.3815751441598987,11,885
0.6206364419581938,2,886
0.3901108026007011,0,888
0.6968855707033194,9,890
0.3045389039781976,11,891
0.19844705464846923,3,892
0.6391091003972095,8,895
0.3350474505627772,4,902
0.22487464136094704,12,905
0.3394508087255501,17,906
0.020017022672807694,12,908
0.40981693323090784,18,911
0.26328579284834297,8,912
0.49817428624387017,11,913
0.571400715390359,17,918
0.40004837396564674,17,919
0.5966002581201676,8,921
0.3016379651806591,9,922
0.689518842065262,9,924
0.3070804748399646,11,925
0.35544203343502223,17,926
0.18065631751803157,0,927
0.2880509203513817,4,928
0.6448587358100023,0,929
0.42561276506739554,11,930
0.053491267956950694,19,932
0.01701165976215968,0,935
0.3452445918834254,3,936
0.6604179338175304,2,937
0.41692079595917986,8,940
0.522851791794311,0,943
0.5929853286420188,8,950
0.5883538137089454,3,951
0.2379165767851179,2,952
0.094794351603943,16,954
0.6374506243222644,17,956
0.4603902846393211,5,957
0.6061512258282228,9,959
0.024229944845683193,8,962
0.583503218310465,2,964
0.036046853901981146,17,966
0.3523795239387698,3,968
0.09249863406274139,12,970
0.6611248375569606,0,971
0.2492469752258648,11,972
0.19588664133876843,11,974
0.5776259731842985,0,977
0.2769710213073159,8,980
0.018438001937410298,17,981
0.21558320006927112,2,983
0.6270801723448568,0,988
0.42064426955100886,11,990
0.47548499908861364,9,991
0.2497185043415815,0,992
0.49498671076401857,3,994
0.11164073585453727,3,995
0.31229161688846063,11,996
0.5837702164933751,0,998
0.5017954124455928,17,1001
0.02934291722827098,12,1003
0.3355559669467485,0,1004
0.06226126679855237,12,1005
0.3061673506334607,8,1006
0.006558625108937566,12,1007
0.2646248214206176,17,1009
0.4192495590480133,8,1011
0.5694877121269339,16,1012
0.3990222856101572,4,1014
0.1887843328947142,4,1015
0.607942684920931,0,1016
0.36923921649602,12,1017
0.06320179167989126,0,1018
0.6011801080552022,12,1020
0.5206826167326996,12,1022
0.08137047712105372,9,1024
0.5141561945082966,2,1028
0.6032764863391621,9,1032
0.21237844851956078,8,1033
0.3809131544476152,4,1035
0.44597038361301966,11,1038
0.6764482954619512,0,1039
0.35070267786156695,5,1041
0.3093846229377677,4,1045
0.2984037329764446,8,1049
0.020692659237047994,2,1050
0.5176136154565373,3,1052
0.6255186495305733,17,1053
0.5190274237891382,0,1054
0.33877279432183116,3,1059
0.0156813552812044,3,1064
0.4656077343292029,17,1066
0.143246399757749,0,1067
0.29338593684620107,2,1069
0.3261175944231802,3,1071
0.36952661187948677,17,1072
0.6030789483349517,12,1074
0.6972330273187353,3,1077
0.39279548278999366,9,1080
0.2960808022378483,11,1081
0.32249368533170997,3,1083
0.34217112666872673,17,1084
0.048155175204572465,17,1086
0.20235370237035322,12,1087
0.33753299048190155,12,1090
0.4394525214135723,17,1091
0.24764800590102032,11,1096
0.46130200070614913,11,1099
0.6596274055879229,11,1102
0.21665727379062327,11,1105
0.4150551545577623,0,1106
0.567618510573954,17,1107
0.2817182043293667,9,1109
0.006968031391228147,12,1110
0.07701029657185032,17,1113
0.14741093447052045,9,1114
0.6561656868444016,8,1115
0.23076917040891443,0,1116
0.4699360460608685,12,1117
0.22233955008505202,12,1118
0.3239954114732819,9,1120
0.6870569554368392,17,1121
0.11370411690019455,12,1123
0.16692296082457503,8,1125
0.07454302898743648,12,1127
0.5792703613489604,17,1129
0.06820105631289564,12,1130
0.3201586216422383,0,1131
0.34953130138287336,9,1132
0.2974547831541866,11,1134
0.38546279281709805,17,1138
0.6657392842348512,12,1140
0.21539156583144425,12,1141
0.10999099679354563,3,1142
0.5067339482303772,4,1143
0.5587551153234016,17,1144
0.07344319749028472,2,1147
0.44291439572777647,0,1149
0.17423585739213865,12,1150
0.1371475334430412,0,1151
0.086395199617321,12,1153
0.462934999149927,0,1155
0.022495461911991144,4,1156
0.6838143224248621,17,1157
0.36442114310905604,8,1158
0.6852488618849106,2,1159
0.14140437544700757,9,1160
0.6277104945006949,12,1163
0.17643053665331898,12,1165
0.3365351551110837,17,1167
0.5647601687428886,4,1169
0.386571256285981,3,1171
0.1643645338509222,17,1172
0.1933455042642902,12,1174
0.4579977577708748,9,1177
0.09124468438816846,8,1182
0.6835290183243107,8,1184
0.3995591235178322,3,1185
0.1448611739641904,17,1187
0.3016304871220943,11,1190
0.682994907963357,19,1192
0.022912249080570546,12,1196
0.05973690960220668,12,1197
0.4911599056163448,4,1198
0.2767356452972348,17,1199
0.18130563773980501,11,1201
0.3288817610462502,5,1202
0.5212601236344262,11,1204
0.25530725755885164,3,1205
0.27056325794054337,0,1208
0.5819551690205755,9,1211
0.40633410342023735,5,1213
0.43569463321343815,12,1214
0.3405279965040199,2,1215
0.35874067135781995,0,1216
0.09619174692877763,8,1217
0.05049388506465258,0,1218
0.021158913640027532,0,1219
0.5346886564749704,12,1223
0.32338507478412226,0,1224
0.2385957791773191,9,1226
0.6393784731139498,9,1227
0.6926508927704674,12,1228
0.006334958365342591,12,1229
0.36069003516570697,8,1230
0.37796929679605795,0,1233
0.45291011168561646,12,1235
0.1508239673432542,17,1236
0.42784835920102804,12,1237
0.39888995267001903,2,1238
0.5977144085222252,12,1241
0.031101730931718086,0,1243
0.6979792092968583,11,1244
0.11008656179890086,9,1245
0.5112410336134077,5,1247
0.21235710999711988,12,1249
0.19460514788560568,11,1251
0.28386956415058284,3,1252
0.07112284699167482,0,1254
0.2923932720632171,11,1255
0.44145347752864583,11,1258
0.38375775618276253,0,1260
0.5986809244418156,0,1262
0.6721356308102552,2,1266
0.24775178381735286,19,1268
0.624012394269597,6,1274
0.4164726108712513,12,1277
0.2600915570212451,0,1278
0.6534585842393255,12,1281
0.6572581689267301,12,1283
0.284990329728822,9,1284
0.47277306656301776,17,1285
0.14395011007701974,17,1287
0.028400079239801146,0,1290
0.22221216802184696,12,1291
0.4650651287399805,4,1294
0.22628402256129432,7,1297
0.48297737341118774,17,1299
0.13683818829960837,3,1300
0.16830308122307847,0,1304
0.3204737468295483,0,1307
0.5013685819236628,0,1308
0.19341876653733325,3,1309
0.6000552473774804,8,1310
0.22980356718018036,5,1311
0.490445449210708,4,1312
0.4409610861398523,5,1313
0.6042691746809972,12,1316
0.6472015062645894,2,1317
0.5130804134410389,8,1318
0.07930095892118627,12,1322
0.6568076147111325,17,1324
0.6486046172955842,0,1325
0.2044680374133584,12,1327
0.125399274234275,9,1329
0.09141883140663587,8,1330
0.11475142596906884,11,1331
0.07776386425853088,12,1334
0.09755953264061001,0,1335
0.43054270789258087,9,1338
0.005209173403799894,17,1339
0.1934974755519755,12,1340
0.5556370413904165,12,1341
0.5485776848041999,0,1342
0.053006036781157895,9,1346
0.45237320205972953,19,1347
0.5428542569776561,8,1352
0.5416194898597915,9,1354
0.19257957734837305,2,1355
0.16646991633899322,0,1358
0.3985320301196865,11,1360
0.26036513176689824,8,1361
0.3510055239483597,9,1367
0.06596684208305592,12,1378
0.6360636207527883,0,1379
0.2610285748528647,2,1380
0.3054423465545233,17,1382
0.47684591196534964,4,1384
0.4782879135516642,12,1385
0.6247973488393598,17,1386
0.18585476508839294,2,1388
0.32238803699618546,17,1392
0.27209665073331823,12,1395
0.1122532594099992,12,1399
0.6092110658845293,12,1402
0.6517217717699448,0,1406
0.09416881730835702,4,1407
0.670233514075804,17,1409
0.11555321871716417,2,1411
0.2907978474137447,17,1413
0.21106967240683272,0,1416
0.2796182455336377,19,1418
0.595095971432095,8,1419
0.4710970482862341,11,1420
0.61832909494276,9,1424
0.5660229307608282,12,1425
0.05581005708145781,11,1429
0.04899584730979567,11,1430
0.3585223915459378,2,1439
0.6618365228482831,11,1440
0.12063074841495214,0,1444
0.6251595293065391,11,1446
0.09142281479981862,17,1447
0.21011390130473417,18,1448
0.4706576343421903,2,1450
0.33218712792198213,2,1451
0.4652621587078226,12,1453
0.3438364769101746,9,1454
0.2107767555375739,2,1456
0.42908815700209246,12,1457
0.3365881080456692,11,1458
0.20705968710274447,0,1460
0.2733889584063456,9,1463
0.6365638477711889,12,1466
0.4594312978220054,8,1467
0.4379249660355746,17,1468
0.1226495041701029,12,1470
0.6226549254026679,8,1471
0.14313883381684067,0,1473
0.5170562356278837,0,1474
0.2585306562497406,9,1475
0.5092288846998145,0,1476
0.48108743976576596,17,1482
0.5442536864654629,17,1483
0.2628121269934346,17,1489
0.11128948685353512,0,1492
0.5601335386273996,12,1493
0.11040602210224393,11,1497
0.13744049787773094,9,1502
0.2853483062976764,4,1504
0.06571143495688048,12,1505
0.3629500979590078,17,1511
0.6626832661138184,17,1512
0.3860213797686387,0,1515
0.5899580930477831,12,1517
0.35554657329665995,17,1522
0.5010109390178591,9,1525
0.28316679473278006,0,1526
0.2393071230390429,12,1531
0.3697123797506522,4,1534
0.46797018053781936,17,1536
0.5453481728185203,0,1537
0.18430839767432983,0,1538
0.46416090367525875,5,1540
0.35775077771465513,8,1541
0.36729069875244025,7,1542
0.6177680055357797,8,1543
0.3600997795606814,2,1544
0.13749111846304574,2,1546
0.07781444637965984,17,1547
0.25806035038094244,12,1549
0.14627316181788985,12,1556
0.5079021241650225,0,1558
0.020162652517059176,9,1559
0.6310486719878369,12,1562
0.6352138322489519,4,1563
0.10217111943852353,9,1564
0.08848045003580784,8,1565
0.3739906812388808,0,1566
0.03686888373494823,17,1567
0.5904833218463844,17,1572
0.30242824296213755,17,1574
0.15362874316426933,17,1578
0.6345243474737654,12,1580
0.20820274951738849,12,1587
0.5779671085106387,8,1590
0.47436420957293435,9,1591
0.006503964819949415,2,1597
0.3813077760719674,3,1601
0.6918971110864788,17,1603
0.5202867061562392,11,1604
0.5995027288069394,2,1607
0.666754198393375,17,1609
0.14064997753468234,0,1611
0.3328265709913164,0,1612
0.1308857107275584,19,1614
0.660193372130716,12,1615
0.5627646872709922,8,1617
0.3292076137260074,11,1619
0.16520613111337512,12,1621
0.6270337649175599,19,1624
0.4040842909968314,17,1625
0.6445383816097353,9,1631
0.26821872441606764,9,1633
0.468074156623995,12,1635
0.19053304370352886,2,1637
0.37416028726724526,11,1638
0.490153135615381,12,1640
0.04312639271410035,17,1641
0.3481832738088074,17,1643
0.44499195404312697,12,1644
0.16105122735879185,11,1645
0.12394647427021788,4,1646
0.5148570625886427,11,1647
0.031745174595922854,8,1651
0.2535165889573927,12,1657
0.6606939998004479,0,1658
0.23234616996043667,0,1659
0.5714131087669124,4,1664
0.4495064545816194,17,1666
0.24945281256813856,0,1668
0.3176611154960566,5,1669
0.6046886634788244,0,1670
0.2417458965680358,11,1674
0.03515476185171296,19,1675
0.48898410674994286,0,1677
0.5250842696725183,8,1678
0.36374391912399495,12,1680
0.5289219810221693,17,1681
0.24971083121849336,17,1684
0.4121057915547076,8,1686
0.4081632431915445,4,1688
0.6126650427165423,17,1690
0.3076541452193806,17,1692
0.3990286012200126,19,1693
0.6401028087987237,17,1694
0.6154011131684861,11,1695
0.19751184292287804,12,1696
0.3387375348358631,0,1702
0.07622311395198955,11,1704
0.19859415198636465,11,1707
0.06756513518315166,12,1710
0.007566737689461367,12,1712
0.5491277632491202,8,1713
0.4801068524993912,17,1714
0.3211818928616953,8,1715
0.048338733269400525,2,1717
0.5205502890636774,11,1719
0.5510575656016897,12,1720
0.2602415983011914,9,1722
0.5732078661590136,17,1723
0.33867984654947414,4,1724
0.1929900883957878,0,1730
0.5017652004478996,17,1731
0.5794689812540794,11,1732
0.07540657398544148,8,1735
0.124389368943845,11,1736
0.586435545819558,12,1742
0.4852131515598438,3,1744
0.35521240214067296,8,1745
0.34195061704174623,9,1747
0.4028726151205768,12,1748
0.5118393316626364,17,1749
0.4485464608626105,11,1751
0.21387563923201447,17,1754
0.5222438860952348,12,1755
0.23469803435682313,0,1756
0.47856043525369396,11,1764
0.4841217275133495,17,1765
0.1879868636539802,17,1767
0.4380559159987033,17,1768
0.5002346911049259,11,1771
6.10255804524229E-4,8,1772
0.17571599851425268,0,1773
0.22926419608961068,4,1776
0.12942597104083553,17,1777
0.20241538933768632,11,1783
0.11230034643313747,12,1785
0.5804389024221055,8,1787
0.4310951719955154,0,1789
0.4739900458845918,0,1792
0.2839603430099803,19,1793
0.35494955293951436,17,1796
0.3571212258796157,0,1799
0.36422467962875915,17,1801
0.19291872281259703,9,1802
0.0017642050702851853,17,1803
0.4488152695403903,2,1806
0.48852654089673,12,1808
0.2924191159859155,0,1809
0.03601131717858563,12,1810
0.15571358667534096,12,1811
0.04604798764623019,9,1812
0.1288300537470859,17,1813
0.4727230451919695,9,1814
0.5642306146333892,0,1815
0.4280403320759788,0,1819
0.501709582220081,3,1823
0.2437748726900144,0,1825
0.5349768700843949,12,1826
0.5745932289052207,17,1834
0.4937891381122195,0,1837
0.5983093475319023,12,1838
0.4474765350984631,11,1839
0.4418637917231606,8,1840
0.5859553947692002,0,1841
0.5248978782281967,17,1844
0.6978349402904322,11,1846
0.3125969698345088,19,1847
0.20176532909173783,17,1848
0.6041967776842934,0,1849
0.0887131433090379,0,1851
0.620177327339769,17,1853
0.3259484091631534,17,1857
0.0726196856793534,4,1860
0.4003908775845485,12,1861
0.6423169725444073,9,1863
0.5508135015021203,0,1864
0.5806076112849284,11,1865
0.0038631757241238684,19,1869
0.4329589001713312,11,1870
0.631896994538924,11,1872
0.6088445520162474,11,1875
0.2522153866983663,3,1879
0.16776228513335278,17,1882
0.3775256186671895,0,1884
0.188366898401647,5,1885
0.05061944671234209,9,1891
0.04588703488032664,12,1892
0.07186348282024091,4,1894
0.5722318985377601,0,1895
0.4158647198132901,12,1898
0.04222938356055583,0,1902
0.2323092084359768,12,1903
0.3612126362993615,17,1904
0.13850219099133654,0,1908
0.4283531235110343,4,1909
0.600293054050052,0,1912
0.03006072463026388,17,1913
0.48260624893121906,17,1914
0.10648751881028795,8,1916
0.6686591841378096,9,1917
0.3476839992362206,0,1920
0.2672661584454882,4,1921
0.4399931530646014,17,1923
0.3447304035791745,11,1926
0.025339236190180525,0,1927
0.3332683555749498,4,1928
0.27711715454909236,11,1931
0.31348247004910423,17,1933
0.4898330870617883,11,1934
0.02504308339883099,8,1935
0.5267461900579665,12,1936
0.2986748720746272,9,1937
0.5190912900696354,9,1940
0.3230005528215453,12,1941
0.0069685243183650325,11,1942
0.6484232385309413,0,1943
0.52126265684875,4,1946
0.5718010654474468,17,1947
0.5508859705797358,12,1949
0.021237895194024414,17,1950
0.6153290058997762,0,1953
0.2526599788214138,12,1954
0.665178777287007,11,1956
0.1266930251343924,17,1957
0.5559893635335902,17,1961
0.6910862482830205,3,1965
0.609152189839705,0,1969
0.31133497366059226,0,1971
0.6622379217160111,2,1973
0.376708426101671,11,1975
0.22969430393130363,4,1976
0.45521970883034324,5,1977
0.3408664242684286,0,1979
0.6348110239645102,19,1980
0.4804071555030164,17,1984
0.43504652869902893,17,1985
0.3199520284835565,0,1987
0.20733953242496017,17,1988
0.4609699778313715,11,1989
0.6123668141387149,11,1990
0.35419648948717,17,1991
0.09950161559956794,17,1993
0.5282183527235198,8,1994
0.06726475226022333,8,1996
0.053735751031810275,11,2001
0.0752174257067375,11,2003
0.26938271829822624,0,2004
0.6437531953578479,12,2007
0.15334206649141857,4,2009
0.5726150570567985,0,2010
0.48596670164969524,11,2011
0.1084506109917599,7,2012
0.36849501865587464,12,2013
0.5269464766896079,11,2014
0.5053474459964135,12,2015
0.4115575507254049,9,2017
0.33016503624822247,0,2020
0.364111578122172,4,2024
0.6038221051040076,17,2026
0.45469507816556665,8,2028
0.523382952729841,12,2029
0.059490580938402426,11,2030
0.10963106058223016,8,2031
0.30310693752299134,9,2032
0.480425114904405,0,2034
0.41031604020487067,18,2039
0.45190924764302653,11,2040
0.17274326740062296,8,2042
0.5606121554638313,3,2043
0.6122755463969269,11,2044
0.6748671981150035,12,2045
0.12523567740499963,5,2048
0.6088201413411852,11,2049
0.2966513865632543,17,2050
0.3531554756884496,0,2054
0.21763117591629022,12,2055
0.4902106736305901,11,2056
0.17664927021463683,19,2058
0.5991274364410266,2,2061
0.1313289072244601,0,2064
0.4248429278535498,4,2065
0.4333394232220019,9,2066
0.5215595196636456,8,2067
0.5640858409066314,0,2069
0.44428269921266017,17,2071
0.23260713960782675,19,2073
0.6065840745105744,12,2074
0.28013860795258205,0,2075
0.433789027132774,0,2077
0.15084359745231646,11,2081
0.30126754906191244,8,2083
0.2987553216582669,9,2084
0.47868733546091013,11,2087
0.3871484937717228,4,2089
0.5875685816615019,5,2092
0.1251704139281159,11,2096
0.1992316078030536,17,2097
0.21900096114236578,11,2099
0.410181342995402,12,2100
0.5454835380461721,0,2102
0.36224215206491506,4,2111
0.017945417228096727,17,2112
0.6804534361004981,11,2115
0.10650998959861802,0,2117
0.17171324231590068,12,2118
0.6571070360931144,12,2123
0.41988575172824405,3,2124
0.0514203671089728,12,2127
0.5232689779532573,17,2129
0.10548658182645865,17,2130
0.2987530234716329,17,2133
0.6016026267813316,12,2134
0.18618635536406603,0,2135
0.10773827874438002,11,2136
0.2044495799177265,8,2137
0.19459236772228194,0,2139
0.010283863071427701,17,2142
0.09455970714125705,4,2149
0.15398961817619783,5,2151
0.5278624401288864,17,2153
0.5102572154259957,17,2155
0.3590279470709071,0,2159
0.32265420528359956,16,2161
0.49807694339731745,4,2163
0.6265445769970084,17,2164
0.03174679999733032,4,2166
0.3295868538726746,0,2168
0.4702162303219447,17,2169
0.6455966071392171,12,2171
0.3536915678633813,17,2172
0.4678088530120976,12,2175
0.20836354523031342,12,2176
0.33402541170395295,8,2179
0.14251582575213528,2,2180
0.5498913152203683,9,2182
0.3476969793523277,17,2183
0.25069331371183834,11,2184
0.2085138770948729,17,2189
0.5464576351867371,2,2192
0.37377122075365177,3,2193
0.6825094662373509,9,2194
0.6279024195031824,0,2198
0.2763527810183183,4,2201
0.264899311952977,5,2206
0.3396803679581163,0,2208
0.48972194144423564,11,2209
0.24773240894672532,9,2210
0.4606083148880904,0,2211
0.09823083272888689,17,2212
0.4956433058135208,11,2213
0.2694270643545772,17,2214
0.6837232061911942,9,2215
0.054259113984815865,4,2217
0.12357839845458318,0,2222
0.11674334300806266,9,2223
0.33563150362731997,12,2224
0.5331897804168212,4,2226
0.34121358880228836,4,2227
0.6865035130718166,12,2228
0.5319304302464025,17,2229
0.17254620473101534,4,2230
0.6785793529123187,12,2231
0.07933792425948516,17,2233
0.2508092798331053,0,2236
0.4437787624834336,11,2238
0.1726348547234513,11,2239
0.6128382426522317,0,2242
0.18621129602534225,2,2243
0.07662449519835768,11,2244
0.13639609707983624,12,2250
0.1943847396582925,17,2251
0.14488794510042535,3,2254
0.490887511659162,17,2259
0.4484723648204253,9,2263
0.18564559718666274,17,2264
0.3222045511517596,17,2265
0.10941402971973557,17,2268
0.6717888195522667,11,2269
0.4266505806804147,17,2272
0.2700682428750235,17,2275
0.1777666884718465,9,2276
0.4206996706900382,12,2278
0.39582704428878956,4,2279
0.21095167734454545,11,2280
0.5432354695731689,12,2281
0.3291231853223028,8,2283
0.2911288833553084,9,2286
0.34801497579838003,12,2287
0.5942224703517645,0,2289
0.14373511348099965,12,2291
0.08261749238567428,2,2292
0.33476519637138824,8,2293
0.6077864078176276,4,2294
0.09870860790554681,0,2298
0.2636139230186332,2,2301
0.13788309200496907,17,2302
0.3396665265857298,11,2306
0.23372759481021044,2,2307
0.5131903672345135,9,2309
0.2741436335360582,0,2310
0.6152754397278651,4,2311
0.4863359402388977,9,2312
0.45552887081137317,17,2313
0.6476863568807956,11,2316
0.4181345974105064,8,2318
0.3895275989806668,12,2319
0.2877033607555002,17,2320
0.03269331731316005,17,2321
0.36441640048618307,0,2324
0.3662901468580432,2,2326
0.48043311693334567,12,2328
0.16556909618484195,2,2331
0.1610764735277037,9,2332
0.2569800524536605,5,2333
0.16473697468986004,17,2338
0.6425410162373026,0,2339
7.482216616429005E-4,8,2340
0.49972456586322767,19,2341
0.36162997433067534,17,2342
0.5072302458210777,2,2343
0.1974863184509167,0,2345
0.6448500106330227,0,2347
0.4327306857595725,12,2349
0.31487214686185716,12,2353
0.034793394774426,3,2355
0.6897688596225537,12,2357
0.08826515426418058,0,2358
0.26377280500855504,3,2359
0.26785967337395433,17,2363
0.09717292301589853,12,2364
0.5326114717457872,9,2366
0.25095316309794236,17,2367
0.04302340307658026,3,2369
0.32156425941664313,9,2371
0.03928120359341991,11,2372
0.3408409602792666,17,2375
0.27329029399504046,12,2381
0.6811603947115112,17,2382
0.46178802739842184,0,2383
0.6571909424964317,11,2384
0.21256669362338287,17,2387
0.09316743913547587,0,2392
0.5812075536735256,9,2393
0.08275542085385001,11,2398
0.6653821505999693,0,2403
0.6340939624303918,8,2404
0.12281985774491588,11,2409
0.28049524792028924,19,2412
0.10436211385379945,12,2413
0.1595737240101427,0,2416
0.6397675142494241,2,2419
0.4176744066201822,11,2420
0.3293497965703448,18,2422
0.13835853939621734,17,2425
0.2991121555200573,9,2427
0.6019918579364494,11,2429
0.47347458218595717,12,2431
0.3259912337763109,7,2433
0.27315668899109447,19,2435
0.5670989740036954,12,2436
0.16838943741843204,12,2437
0.054137888532090006,12,2439
0.2893427402535117,2,2442
0.5053495288039841,3,2446
0.48122324343723344,3,2447
0.24918472770989408,12,2448
0.4499585022370769,19,2450
0.3263493926545816,9,2452
0.4228397423851863,0,2454
0.5507636937997715,9,2456
0.4463066609739268,16,2460
0.16532463955164822,9,2463
0.07872881521879271,17,2466
0.2058708983139299,5,2467
0.2867797333024069,17,2468
0.4259862086716587,11,2469
0.653383541955018,11,2470
0.5821734600088078,0,2475
0.35732937083730265,9,2478
0.685472914377673,17,2480
0.4188047229694881,8,2481
0.04964292517200852,4,2485
0.35436138856192667,17,2487
0.04689029253061194,4,2491
0.4161246808056456,19,2492
0.18744969898528963,19,2494
0.12927087108198165,4,2495
0.17313131256049974,12,2496
0.015097435760221045,11,2498
0.30511140615227494,11,2499
0.5470137796969663,18,2502
0.0013997769706179941,17,2505
0.22870953486713785,17,2506
0.3112307751949158,4,2507
0.21170440266212376,5,2508
0.309174939962258,4,2512
0.12553363794784722,11,2514
0.6520460419429329,11,2515
0.2486294175447149,17,2517
0.3109930171885287,12,2518
0.4062954955123135,0,2520
0.1981763292014308,3,2521
0.468307482190111,4,2523
0.5453468302346862,11,2528
0.5218490553837979,9,2539
0.14816949927839673,0,2542
0.38984182493022435,17,2544
0.6050001282695733,3,2548
0.4955354378340616,11,2554
0.6085284151704409,11,2556
0.02144750832714115,11,2557
0.44922875233808635,12,2558
0.6148836323984191,4,2560
0.5945150988872123,11,2561
0.5674796882218386,17,2562
0.3652796701411173,0,2565
0.6808301641540736,17,2568
0.47361505110469826,2,2569
0.4254385633964395,0,2570
0.6869036116851687,4,2571
0.518426178207026,9,2578
0.5925894263866682,12,2579
0.3690178480024946,17,2580
0.1426751336153682,8,2584
0.4370785330634349,17,2585
0.5779813879239886,2,2587
0.4686209856824062,9,2589
0.17291765314796648,17,2590
0.5358128663244545,17,2591
0.5641336959200295,19,2593
0.10475849937134507,12,2596
0.5510122948922214,9,2597
0.35901798527346795,12,2598
0.19286002979839045,11,2599
0.4381174885032917,12,2603
0.15259308740609623,3,2604
0.18923533024111716,0,2606
0.13427395176853107,0,2609
0.15380943471806663,11,2610
0.37902745397971593,4,2611
0.6690697923844842,17,2612
0.5106667294110822,0,2613
0.4209704515796233,0,2614
0.6311716015240864,11,2615
0.27952060641780774,5,2616
0.10323641086382429,0,2618
0.5866527629164968,0,2623
0.6777210530096536,2,2627
0.62510859430052,0,2629
0.39573846234951715,4,2630
0.4105489880226333,17,2631
0.4418560867325756,4,2634
0.14825491895848864,2,2636
0.29628630694598146,11,2637
0.3944740186041149,12,2641
0.32851963768363945,17,2645
0.6292926255900431,12,2646
0.3556336927910153,8,2647
0.68877242297583,12,2648
0.625774334495394,8,2649
0.14352660552123264,12,2650
0.39600238479064775,12,2651
0.14540980879220777,12,2653
0.6630901164844792,11,2657
0.5502088686395452,8,2658
0.572429734018994,4,2660
0.4078277240845106,0,2661
0.036878625968749135,3,2662
0.5078629578485777,17,2664
0.3862378937055093,4,2665
0.500925826094021,2,2666
0.47939311764271886,8,2667
0.23651956182314515,2,2668
0.5621303004115156,11,2669
0.07935422243148293,2,2670
0.6464045774218052,0,2673
0.26558023574097656,2,2674
0.6771573426940698,12,2678
0.4976165355922748,9,2680
0.2797537069369467,2,2683
0.010529666867233556,0,2686
0.039001363231042085,3,2687
0.6491682875987826,17,2688
0.19579368031307287,12,2690
0.10185354721830142,8,2696
0.21039213940589185,12,2697
0.5472689932861989,4,2701
0.1841254423708849,5,2707
0.1713826041016756,0,2709
0.353419727625922,0,2710
0.6259841784310973,17,2712
0.1561393101487648,0,2713
0.12708015731862898,8,2715
0.5762070647619792,11,2716
0.07575456558179017,16,2718
0.13325026499972392,12,2721
0.038868207585928016,0,2723
0.3163724949801866,16,2724
0.46140787847219433,12,2725
0.07322226254435726,9,2726
0.3887999951913911,17,2729
0.176488364601195,12,2731
0.43971769775667835,5,2733
0.6646530845854786,19,2738
0.16496769241371578,0,2745
0.1775464564977577,11,2746
0.553958136386092,12,2751
0.24327800396830968,17,2756
0.6470017574830774,8,2758
0.11688109370909361,9,2762
0.4900909667516655,11,2769
0.23611516187109483,17,2770
0.6932885240928902,12,2772
0.6916844671377325,0,2773
0.6693711462453743,12,2774
0.6415956083193374,8,2775
0.19187921086976623,11,2776
0.21436965662161023,3,2778
0.029990016430859634,4,2780
0.08531646511612301,17,2784
0.6542285501001099,0,2786
0.018707494408235603,12,2790
0.6732906218231554,11,2791
0.06784338488440433,0,2792
0.35576020550304055,9,2793
0.3935959043073092,17,2795
0.47796654805816985,17,2796
0.39517497710714045,5,2797
0.3350495982779389,11,2798
0.17285653411323798,12,2799
0.05914051318496327,11,2801
0.05647542236217984,17,2804
0.14434098344560964,9,2811
0.11375558398959895,8,2813
0.04030929167438824,5,2815
0.002184043552681425,8,2817
0.1482881296247972,11,2818
0.38518505525618374,19,2820
0.5225806606828457,9,2821
0.10430343540578291,0,2823
0.4861765161226407,17,2825
0.21205231731324492,0,2829
0.23371455939532904,19,2830
0.022769506446433718,11,2831
0.5786451091647659,0,2834
0.2497802031809424,3,2836
0.3227360530723913,17,2838
0.0431727999318362,12,2839
0.2915866234547968,19,2840
0.045026690394012525,12,2841
0.14405748049633194,4,2848
0.3541029498385606,12,2850
0.4153950201868979,9,2851
0.6333815232576473,9,2852
0.48700265677804677,0,2857
0.5616844419912469,9,2861
0.390731806115565,2,2862
0.4588372384927554,4,2863
0.6586246453736498,11,2866
0.3435327507204893,0,2867
0.4183240817281231,11,2868
0.5679269502900565,2,2869
0.19458487056278095,9,2870
0.6965031100552004,11,2872
0.3652580334151575,9,2875
0.19677346228296122,0,2876
0.10242438724065062,11,2878
0.6647449129833236,9,2879
0.19526618740320445,5,2880
0.2119937624728393,3,2881
0.013630062410316834,11,2882
0.25813743626590246,0,2889
0.46927367564975453,5,2890
0.34034270612399453,3,2891
0.47457470172544824,4,2893
0.14303566839035597,3,2895
0.626626583690027,9,2896
0.5582601958950563,8,2898
0.5259649133138184,0,2899
0.4745969574757549,5,2902
0.5304371633552675,11,2904
0.42551467467311466,2,2906
0.0534360804178855,12,2907
0.4609940674668016,16,2908
0.342780846504546,9,2910
0.2837260972493074,0,2913
0.5389176400755676,17,2915
0.21240384199875095,17,2917
0.23129863853728527,9,2918
0.43315919764420674,9,2919
0.23262528865345777,18,2921
0.3896391735716913,0,2923
0.13379062712958534,4,2924
0.37648659678058816,12,2929
0.22155942740018808,12,2932
0.30074994021268786,17,2933
0.23212820348570462,3,2937
0.6520511776505323,3,2938
0.5602885888091891,0,2942
0.205268690720535,4,2948
0.46435035230426125,8,2952
0.12051169319439403,11,2955
0.43099463335166155,17,2957
0.09819976343553738,9,2958
0.5407304872223956,17,2959
0.5631085700610525,11,2963
0.4479417605639311,12,2967
0.6181767727525912,17,2968
0.5867261698507112,9,2969
0.044780420531197906,9,2972
0.46177273497848625,8,2973
0.32609044688277156,17,2975
0.6368107780044834,3,2979
0.2946073557426332,12,2980
0.48610706254154334,0,2981
0.1792937429780923,9,2983
0.5773886298413017,0,2984
0.4603903402616931,11,2985
0.21214208638087495,0,2989
0.30326705161867007,4,2991
0.6425078908995268,11,2995
0.5295274348502191,8,2996
0.2770196564064499,12,3000
0.19153905932558923,12,3002
0.12577691765645915,4,3003
0.5496777051786216,0,3009
0.06842120369020654,9,3012
0.34662424775302947,9,3013
0.23017074836896245,4,3015
0.12210883970033592,11,3016
0.017038647136581764,9,3017
0.10709731900119168,3,3019
0.25757822194080615,17,3020
0.18159997064258637,11,3023
0.5221006558276557,11,3025
0.29942369531914537,9,3027
0.6072502687888113,12,3028
0.4026801078966069,8,3030
0.5161601979415344,17,3034
0.48888542592326545,12,3039
0.05012378696810693,9,3040
0.18660565892903713,12,3042
0.18321265792750863,0,3043
0.363918356150725,12,3044
0.32111425761250945,17,3046
0.19861227762857037,12,3047
0.3332470838021846,17,3048
0.008883352407685341,8,3052
0.04571273834698231,0,3053
0.5185294778396362,11,3054
0.5254983949799416,9,3055
0.5150665219980507,11,3058
0.4260489995266079,17,3059
0.5013947200768692,12,3068
0.33099817450058866,17,3069
0.018835112397193043,17,3070
0.3730561503655191,8,3073
0.6709089256842616,12,3075
0.499608607626311,3,3079
0.07781635133093256,9,3080
0.07281287332637165,11,3088
0.4300342262181708,9,3094
0.6062387718779639,11,3096
0.00679358212599912,12,3100
0.19685830192713527,4,3103
0.6908674123710506,3,3114
0.3617568192782121,17,3116
0.4079183724900277,11,3117
0.4176604186405115,17,3119
0.4765326583200111,11,3120
0.17190410025174951,17,3122
0.3792214992377245,9,3123
0.16909255565575776,0,3127
0.03138225509093928,17,3130
0.6026346253835593,0,3135
0.4872404668880196,17,3136
0.29164398672662284,17,3137
0.34100160101555066,17,3138
0.293337729932706,17,3140
0.5104184735924264,11,3144
0.678669483011408,17,3145
0.6165359265084571,12,3146
0.16459550029942793,11,3148
0.027535890982284594,17,3149
0.1209015667482628,0,3150
0.40312462336185395,11,3151
0.541066153662241,12,3152
0.5983655303153678,17,3154
0.6510367139456127,9,3155
0.437095556966405,4,3156
0.4873963924195116,11,3158
0.4889161112083368,11,3159
0.16963334693902055,0,3160
0.389105448519388,9,3161
0.6943681561413444,12,3162
0.21934423665938985,12,3163
0.4223582226658654,2,3165
0.16421606609082406,17,3168
0.18749655955572897,8,3170
0.20063355493492263,12,3171
0.6539065004930789,12,3174
0.25161048630914273,9,3175
0.6164629325179743,17,3179
0.4511599474546629,3,3180
0.5185258422961745,17,3183
0.4717598036244526,12,3187
0.1997337566948849,0,3188
0.12225173245772736,4,3191
0.45029983299808385,0,3193
0.4018341504760572,0,3194
0.4033668775268441,3,3195
0.6662760699339211,3,3196
0.3203473437617588,11,3198
0.09475338473235329,12,3205
0.6502826580861188,12,3207
0.3328533538569951,4,3208
0.2575162381369879,8,3211
0.543893814926371,17,3217
0.6013276711015076,0,3219
0.008436017675363505,12,3220
0.18381782863525908,4,3223
0.3904838023846562,0,3225
0.35045470002450096,17,3227
0.15233118723487105,0,3228
0.6672751230265563,4,3233
0.061136728552297126,9,3234
0.6045830944395245,17,3235
0.0629138167292499,4,3237
0.1643870825889806,9,3238
0.466747976168271,12,3240
0.5890087618936416,11,3243
0.3718064718323758,11,3251
0.6588149414981067,12,3253
0.6283814379846914,3,3254
0.3007722193034498,12,3255
0.23598734776821761,3,3256
0.36382527234303186,0,3257
0.39115377023062436,11,3259
0.39900507282148856,12,3262
0.027202459537453372,4,3263
0.5020021434826446,0,3264
0.2016077937362658,0,3267
0.4821238714677666,17,3269
0.08135650094180447,3,3270
0.10925707257755946,8,3275
0.5966586398578277,4,3284
0.3043323929172025,5,3286
0.37319925980052115,0,3287
0.49272926175878784,3,3289
0.3281047513865233,17,3290
0.6690049033400691,8,3291
0.5286501027178773,0,3292
0.5821002272715848,0,3299
0.28596240949675134,12,3301
0.2923164106651259,17,3302
0.02273547163589762,5,3304
0.07845155296347517,8,3305
0.16747089217737032,17,3307
0.1493878321932567,2,3308
0.5422107060390736,9,3310
0.12647604923570976,5,3311
0.4122202085879264,17,3314
0.4180591011697965,16,3317
0.46117467048202676,12,3318
0.6055233696524764,9,3321
0.45813669603542995,0,3324
0.683309939196468,0,3325
0.16328077629925342,9,3326
0.603539929295358,4,3327
0.3977755490011937,11,3331
0.36093997654391374,17,3332
0.6521365672554686,12,3334
0.6612203117053397,17,3335
0.083059932486371,8,3336
0.4922503419389329,4,3339
0.07894924941817416,17,3340
0.08935268087044812,8,3344
0.603143112645458,9,3346
0.4807223788106516,17,3347
0.1722915195718585,17,3348
0.3113913533801028,12,3350
0.5234160380974402,19,3351
0.054392879691590346,17,3352
0.0593610306206076,19,3353
0.4967611489806234,2,3355
0.4033465018693352,12,3357
0.02766622364754523,17,3358
0.4236397631596287,0,3359
0.5575268979505349,17,3362
0.11188600911957791,9,3363
0.41203796244730295,11,3364
0.070669833319986,0,3365
0.6182483773882519,11,3368
0.4055105194678582,0,3369
0.2738624607406772,0,3370
0.0027302893827758634,17,3374
0.5241136265306209,11,3376
0.5012326828862815,12,3382
0.4931760659067769,11,3383
0.3421194485115303,8,3386
0.3318602115088072,0,3387
0.2845136079319305,8,3390
0.45086289917387545,11,3394
0.43209271327100185,0,3398
0.2366117652759221,17,3399
0.5020492544550775,19,3403
0.25943814305656243,0,3404
0.648232701342953,12,3406
0.11588445020631322,12,3410
0.6436751419019272,0,3412
0.33491126128418136,17,3415
0.24435530378200498,11,3420
0.40448895889317593,8,3424
0.5421416786762165,8,3425
0.05387126719632018,0,3427
0.3398863336890581,8,3429
0.14248868357554823,11,3432
0.48329421823411856,17,3434
0.6384134020633405,8,3438
0.3456077083284892,4,3443
0.16691244134359717,19,3444
0.6797860012514529,17,3446
0.07848213203812116,17,3447
0.5045107429089435,4,3450
0.13411275758681462,12,3452
0.020429753277453444,0,3455
0.026932448148062393,12,3457
0.1146402803082327,19,3458
0.6480256397017438,12,3459
0.045163255553243076,11,3460
0.494578888518569,17,3462
0.5156249568828004,8,3468
0.3626197381232663,17,3469
0.21310783470779426,11,3471
0.685111836534003,11,3472
0.6407552545227873,0,3477
0.5542376848102819,0,3479
0.0438158951069989,17,3480
0.3234167067518954,4,3481
0.6526973469613044,9,3482
0.3237586037096689,17,3484
0.24842332958473867,2,3486
0.3703922238361651,11,3487
0.5961651864914097,2,3488
0.05897864862416835,3,3489
0.6820903584969756,9,3490
0.1728645396780144,9,3492
0.12592924669467953,12,3493
0.36874423542886836,8,3495
0.3523173050511632,4,3497
0.5414100824466729,9,3498
0.5015769559632142,9,3499
0.37795994646921005,8,3500
0.128865985898323,11,3503
0.3572971629265498,12,3504
0.3122902807113924,8,3505
0.10730241331651813,17,3508
0.45016872041805056,8,3509
0.0726653367291561,0,3510
0.14256385402514904,12,3516
0.14289394710831826,12,3520
0.6651628994898557,0,3524
0.5030426683051769,9,3525
0.6200741547730279,11,3528
0.6348522173341312,3,3533
0.5472210476556754,4,3535
0.30596826998171744,0,3537
0.6712219610034756,17,3538
0.5858321566370109,0,3543
0.6222352922795714,3,3544
0.5398629000455399,9,3547
0.07542497591555775,9,3549
0.45653796213892284,19,3550
0.45157698340403063,2,3551
0.1956319084558008,11,3552
0.029750420419647372,0,3553
0.5797223737381397,0,3554
0.1865152952333713,12,3555
0.1630830904856596,12,3556
0.28858988527712637,8,3559
0.19074127816304076,8,3560
0.611011979718269,0,3561
0.2722261784310943,0,3564
0.21475597026591076,19,3569
0.01955339748658602,12,3570
0.541834685522265,8,3571
0.6485043389022618,8,3572
0.23006725006507234,12,3575
0.27872532582170395,12,3576
0.690610123526406,17,3579
0.0355615180146317,12,3580
0.21743884122453128,17,3584
0.425130006703901,12,3587
0.04993141821299263,12,3589
0.3299556678597133,17,3591
0.04420973922078242,11,3594
0.056642935348583334,11,3595
0.11424777588313395,12,3596
0.6207075462685394,2,3599
0.16165348231880972,12,3600
0.3697513069454005,17,3601
0.046142724556874626,12,3605
0.21128864022556948,17,3610
0.4869791278239224,17,3612
0.5883807323081535,0,3615
0.14095046984570403,12,3616
0.22652968736345236,16,3619
0.03443490412861583,17,3621
0.3911305577656653,2,3622
0.4449249564650186,12,3627
0.5162164473704686,0,3633
0.24315038884115092,2,3634
0.6891612560807423,17,3637
0.36467095119788284,2,3638
0.3847020459345867,19,3640
0.05219935112594387,12,3641
0.1910761065378913,12,3644
0.6257900386344043,12,3648
0.5999029706205345,2,3649
0.028959050158842925,5,3651
0.009058232489771334,4,3655
0.4794424130643631,8,3656
0.16511608926219334,0,3658
0.45512667938731444,17,3660
0.6652871313143041,11,3662
0.38178780927440026,0,3663
0.5934244449905913,12,3664
0.5900124651655348,0,3666
0.5677573654641154,11,3668
0.3649617680984435,8,3669
0.26297891362202186,17,3670
0.22799329309936112,17,3672
0.2766076049834518,12,3673
0.056984908157861835,8,3674
0.5525661049721518,11,3675
0.5789960219188044,9,3676
0.550740187777901,3,3677
0.19004257611757125,17,3679
0.035994090944672874,8,3680
0.43660745768252374,4,3682
0.030392199460151592,0,3684
0.0796350012562802,4,3689
0.2689929836551943,0,3690
0.08296070249663845,17,3691
0.5485535366440424,0,3692
0.279132966818354,8,3693
0.20674586591012356,17,3697
0.6544409076170012,4,3699
0.2616832213142417,17,3701
0.6131500260792958,3,3702
0.637077243730168,4,3703
0.6455487437978661,5,3704
0.575732166875719,11,3706
0.5132513381005327,12,3707
0.16214520204673455,9,3708
0.5168832940307251,9,3710
0.6728864987871376,12,3711
0.3903056452725927,17,3716
0.143981815606823,3,3717
0.07698042131013394,4,3718
0.17306546262157596,17,3725
0.17185963065810062,9,3727
0.5341942644123568,9,3728
0.1650024265462633,9,3731
0.27780727424844165,12,3733
0.1760567924021531,12,3735
0.626606316973652,0,3738
0.019612110721424658,17,3739
0.1817279899140083,12,3741
0.32628921878337513,17,3742
0.07784097527262446,4,3743
0.15610159750724595,3,3746
0.12795207072861947,0,3748
0.25316079888879095,8,3749
0.6535406496307407,9,3751
0.24247434931057443,9,3754
0.45246826100963833,0,3757
0.2596694825161796,11,3758
0.4370071759813692,0,3759
0.6515085708491075,9,3760
0.3797275660243925,17,3765
0.14458065942557963,9,3767
0.17485044838140829,0,3769
0.31577926992407723,9,3774
0.13138404067048992,9,3776
0.03524894776483534,3,3778
0.020575812029225315,0,3781
0.20275735185527788,0,3782
0.4542979916449196,12,3786
0.658860239620087,0,3787
0.21529297570112427,4,3789
0.590375582437697,9,3790
0.4401988005788221,12,3791
0.028488012131805518,17,3793
0.5589237993532887,17,3795
0.49078462679642554,9,3796
0.4186213867686026,3,3798
0.245637654507197,7,3799
0.6659347079845089,4,3801
0.06892898569185635,17,3802
0.2047925632957327,9,3803
0.3553721199355174,17,3807
0.07588051241356586,11,3809
0.17859186316617026,9,3811
0.0253898324560613,17,3812
0.43205809361612557,12,3816
0.0531568099943589,12,3817
0.029215671538352916,17,3818
0.1658384455658667,0,3820
0.6191245407041638,17,3824
0.088075322749393,17,3825
0.3678678296553919,12,3826
0.04717878356656291,4,3827
0.1059403555313626,5,3828
0.45269199898176193,9,3829
0.21514147824974705,18,3830
0.2470373996454044,0,3834
0.695845679351099,17,3836
0.673640342430365,12,3837
0.49815177156924284,9,3838
0.27618984187205975,19,3839
0.29848625939392304,9,3840
0.5838120415839402,8,3841
0.37178101126981844,0,3844
0.5967072829296904,17,3845
0.2172839043770235,3,3847
0.11619991335688484,8,3851
0.5457266021253847,11,3857
0.6928167279317375,17,3859
0.4432589718818065,11,3860
0.3219207842025533,11,3863
0.3996152953975699,17,3866
0.2738028586887611,0,3871
0.21789624519392392,17,3874
0.15474956943772955,3,3876
0.17001736482422136,5,3877
0.49319734949313776,11,3880
0.13168033356194686,12,3881
0.32004320137760545,17,3882
0.29546956014341874,12,3883
0.5835167599981308,17,3884
0.17184820605540063,11,3886
0.43778155454254364,0,3888
0.05112586844137479,17,3889
0.20760445591276389,11,3896
0.017200876751971794,12,3897
0.5972867455276992,4,3898
0.46795573010599667,17,3902
0.5384269559235283,11,3903
0.4665418832449937,11,3906
0.6461777145876222,12,3908
0.4380992773160448,0,3909
0.20903948439115438,0,3911
0.5593749045197202,11,3916
0.2792788824940384,0,3918
0.4239045200073387,0,3919
0.5588685360205637,2,3920
0.14405475614746133,0,3922
0.1978579004827693,3,3923
0.13295339119376093,8,3927
0.44574892732258176,0,3928
0.245815117146293,11,3931
0.41132334974664464,2,3932
0.2158510150348717,11,3934
0.10046985104573014,12,3936
0.6592068524466008,2,3937
0.2361148810134729,0,3939
0.3620986243140998,17,3940
0.35123552459553986,5,3941
0.17795598408536495,11,3943
0.5518284534882831,3,3944
0.3149127166808571,11,3945
0.5840612447629008,11,3946
0.1555495252946424,12,3949
0.4054441376783988,9,3950
0.06866497004301675,17,3951
0.3117062283042986,12,3953
0.11321625718738326,17,3955
0.3502476629082818,16,3956
0.3088960281199389,2,3959
0.05806881020584698,0,3962
0.22945049477437385,9,3964
0.24332591740246734,17,3965
0.34009339979261943,17,3966
0.2081675308101042,0,3970
0.46438942421999907,12,3971
0.141354328136841,17,3973
0.5759664371441275,2,3975
0.5627904875106177,17,3976
0.609165182526535,17,3979
0.04788656712528816,0,3980
0.2823503780196899,12,3981
0.09532693958191008,0,3982
0.25159289161789855,11,3984
0.5079352176076527,12,3986
0.16330501269496855,12,3987
0.534449464531296,6,3989
0.4709131016309186,3,3990
0.6994820668065317,12,3991
0.646250847014117,3,3992
0.6904894744228899,3,3993
0.4751208277366189,12,3997
0.6951393828335396,17,3998
0.09229376560294655,17,3999
0.6877306927635473,17,4001
0.2795831593740953,12,4004
0.6405817721601103,4,4007
0.5757160024875279,4,4008
0.47416759294995203,0,4009
0.42208589937117846,12,4010
0.40967513241584264,9,4012
0.3597573722256976,17,4013
0.03194602007608949,3,4015
0.16639761423366106,2,4016
0.081033944729761,18,4020
0.23613447372259255,7,4023
0.28530293014945685,0,4024
0.16819218379987888,5,4025
0.23266817168316167,0,4026
0.5292331680926659,4,4028
0.23911029718028554,0,4030
0.2931745212404815,17,4031
0.33778618639069713,17,4032
0.6051643047882065,8,4033
0.0123029557283445,12,4034
0.4674609668137706,12,4035
0.3005971111150527,11,4036
0.6240354276160618,11,4037
0.11142934135525395,11,4040
0.3527295377952907,17,4041
0.142004819217583,0,4043
0.30063517277415575,8,4047
0.6565732874306769,0,4048
0.023902045694088714,12,4049
0.4446043010773211,11,4054
0.47196082132203143,2,4057
0.14997326532146893,0,4060
0.6465515450222866,0,4064
0.22666160623234333,12,4065
0.43879679529469895,0,4067
0.329632545326362,12,4070
0.27258279444583455,17,4071
0.35673679288187166,3,4072
0.2824979902774336,2,4073
0.10008074264698741,17,4074
0.4275465909068936,8,4075
0.08228124924622338,8,4078
0.5509258741084389,8,4081
0.4210832456400402,12,4082
0.018229539340347878,11,4084
0.311415624931777,0,4090
0.2216319322220418,11,4091
0.4291928338630485,3,4092
0.37183690690310967,0,4093
0.06274414822550567,12,4094
0.5326736159670729,9,4095
0.42682383178707806,11,4096
0.2628843818444052,11,4097
0.3448189939808056,0,4099
0.014361448185941317,11,4100
0.4560100563648336,3,4102
0.25955800364735104,11,4103
0.2614679029448954,17,4106
0.12617703097551436,3,4109
0.596776379094624,3,4111
0.18158810581528362,2,4113
0.46863073027490953,12,4114
0.5650953937149856,0,4117
0.6203418198538456,9,4118
0.6013579144801382,0,4120
0.5450865165963968,0,4122
0.580280844937723,11,4126
0.3273949071182982,12,4128
0.07942390826993895,17,4133
0.04059348396694895,4,4137
0.6553501277222692,17,4140
0.3999014490311067,12,4143
0.6546579519204128,17,4144
0.45632995746123706,18,4145
0.4854970551129918,17,4146
0.2390803215976557,0,4148
0.34414027717957263,12,4150
0.16239840354565982,0,4151
0.247834692495022,9,4153
0.28422576382587494,0,4154
0.6180929994388004,17,4155
0.6513619404115549,11,4161
0.125865499734791,2,4163
0.08384921729789752,19,4165
0.3263137922230793,17,4166
0.6930377814853129,9,4167
0.056543773176058076,9,4168
0.5576592151577859,17,4169
0.0069999102937652324,17,4172
0.08179982495323646,3,4173
0.25082673833758684,17,4177
0.032286216636354004,9,4184
0.2826595719532927,5,4186
0.3832793037376936,3,4188
0.6885118292393777,5,4191
0.6404777737605419,12,4194
0.42172068536356855,9,4195
0.12397188081000965,17,4196
0.09050498555453668,17,4197
0.567582658950795,4,4201
0.09444160828801829,11,4203
0.6684832531713834,17,4206
0.40776717879406865,0,4207
0.03856997447829302,12,4208
0.25776470880559665,0,4210
0.1873333756991269,0,4211
0.4187206579594501,0,4215
0.04414456481214313,17,4216
0.12201995748419392,11,4217
0.3212851853552833,5,4218
0.24820555583689474,11,4219
0.09174258928064316,11,4220
0.02203358127524979,11,4221
0.668585007999646,11,4222
0.1053129130069903,9,4225
0.6045083944686358,2,4229
0.5408634812591085,12,4232
0.05017269107042577,0,4234
0.39987922885179406,9,4237
0.05151272894398884,11,4240
0.17690694132553875,11,4242
0.11207588224239806,9,4243
0.322308561748328,11,4244
0.08909867028821361,17,4245
0.634257684144297,8,4246
0.6922732352239305,9,4247
0.013118916060560593,8,4248
0.41781608022165273,12,4250
0.07337139461886011,17,4253
0.38616765186404833,17,4254
0.154861445784653,9,4255
0.5952141284080196,12,4256
0.11130061562653859,12,4257
0.14416539568486209,4,4258
0.028721542176758375,12,4259
0.35522583752836157,17,4262
0.6259530859262127,17,4264
0.24979739603101125,9,4266
0.6236044241584926,12,4267
0.3045427342217699,3,4268
0.20344784961374995,17,4269
0.47440560694339073,17,4270
0.5277422737374485,0,4271
0.030947958472928083,0,4275
0.6903734860793429,12,4278
0.3358355752129639,12,4279
0.4006092809308047,9,4280
0.42254215734389056,12,4282
0.3978005481700492,11,4283
0.5803602594944093,17,4284
0.21234920489681852,17,4288
0.6949581252639192,11,4289
0.6114933555225786,0,4290
0.010063586666623214,0,4294
0.4822372033063248,11,4295
0.28646774066057235,11,4297
0.02795301780415871,16,4302
0.018607315943300118,0,4303
0.40466028383896735,11,4305
0.251420777213611,9,4307
0.44588824863126386,11,4308
0.32102363029043024,0,4309
0.4119378900886619,17,4310
0.014085320689222192,11,4312
0.15257228128007905,8,4314
0.4249674186763437,8,4315
0.696717158756899,17,4320
0.025539101672532705,9,4321
0.6701689339580298,12,4322
0.6517519125302174,17,4323
0.44592196248708293,12,4325
0.34133307172732397,17,4326
0.35710327725845414,8,4327
0.6262793009115595,2,4329
0.11713205243934177,2,4330
0.19295159097910164,9,4331
0.06044789781421378,0,4332
0.4020213882105842,12,4333
0.06080784891409008,0,4334
0.04583022502299372,17,4336
0.3194538675384241,19,4339
0.4532794050948945,12,4340
0.2339365160296658,0,4343
0.6790867880523406,12,4344
0.06090932473143906,11,4345
0.303237046284619,0,4348
0.09516306951686349,19,4349
0.6455897423370913,3,4351
0.4734864604613769,2,4352
0.11468702326186497,0,4354
0.10751650319636352,11,4358
0.6179767292407847,11,4361
0.46460469044848784,8,4362
0.48151929054234033,17,4363
0.2191233328875012,16,4364
0.1859909017647976,8,4366
0.5811900057232323,8,4367
0.1702391144333496,17,4369
0.31553254679574516,19,4370
0.26262062607887426,17,4371
0.507867756406242,8,4373
0.1358897415683994,17,4375
0.3657681121250138,11,4379
0.14269939735104542,0,4380
0.24742743161120384,16,4382
0.17099711858036104,9,4384
0.14790236009436952,4,4386
0.6616494631089331,2,4388
0.6740645123117244,8,4390
0.13171384449285684,12,4391
0.6719403396196141,17,4398
0.3923163627989863,5,4399
0.5084042698821649,9,4400
0.6605157372832097,11,4401
0.26936298420608673,17,4402
0.4859537238557574,8,4403
0.5500766466822816,12,4404
0.26971846498364793,11,4405
0.5150341878457856,12,4406
0.02546940844649026,0,4408
0.649280758295581,11,4409
0.5357436909774947,11,4411
0.6614330696748627,11,4413
0.28330106612615635,12,4414
0.45588853734698953,9,4415
0.14506027918422815,9,4416
0.34111068996012583,16,4417
0.32235879128198186,17,4418
0.25417901639197693,11,4419
0.12081796818710377,17,4422
0.5348711973671153,5,4426
0.45087927959749285,9,4427
0.4520707778224855,12,4428
0.616390545079611,17,4432
0.5895029785392302,3,4435
0.6900370570852523,9,4436
0.18840404813884315,0,4439
0.1590575283957395,8,4442
0.030243647511112637,17,4444
0.4419863534349703,12,4449
0.44777914465631885,12,4450
0.4243777361614577,11,4452
0.03545569706484675,8,4454
0.6413886243775436,9,4460
0.4296377698842132,8,4461
0.14182411581542254,2,4463
0.24521555448295707,4,4465
0.402715762524552,12,4467
0.6209357518327139,2,4471
0.0900807505450788,16,4472
0.6541581497211629,11,4474
0.5548962855187832,17,4475
0.4333157625129397,0,4476
0.16080823877847306,0,4479
0.050226324514265674,12,4481
0.5971011160934018,17,4484
0.32445833897537446,17,4485
0.6982705579274106,9,4487
0.1291044613250596,8,4489
0.6479117854214227,11,4490
0.5984496780204516,17,4491
0.10299751109911714,0,4495
0.3945716741533444,0,4496
0.2772194589607849,3,4497
0.2604149808393219,8,4498
0.19886782437952888,4,4499
0.6572231991163962,4,4503
0.48465682332972915,17,4504
0.23481916285680038,19,4506
0.36690971759919966,5,4507
0.05631161370857751,5,4510
0.14358988909465242,17,4512
0.4805998725715741,0,4513
0.20696392450070888,12,4514
0.5047902024771386,17,4515
0.5312753936977661,0,4516
0.28448409176824807,2,4518
0.49357147879247465,12,4523
0.0787867890468611,12,4524
0.4523736424453024,17,4525
0.2810688618648537,11,4526
0.4077899618690587,9,4527
0.10020582809787992,12,4532
0.26736780161257423,2,4533
0.5671548091980729,17,4535
0.516643050206519,9,4536
0.15350616503019865,9,4537
0.13276354706104587,12,4539
0.22375533625705735,17,4543
0.01752186681062151,12,4544
0.21891020817231122,2,4545
0.38710869578982676,18,4550
0.10157680234368893,17,4551
0.6985874404169403,0,4554
0.22202573399440628,19,4555
0.3955765872548188,0,4556
0.011495223882684091,19,4561
0.3012064360034491,3,4564
0.3047959737587287,12,4565
0.3708111097846656,9,4566
0.11617762977560164,9,4570
0.6375203179916742,11,4571
0.6490955032617645,12,4572
0.06538507360277834,17,4582
0.4139303584597902,12,4583
0.6115305910152767,0,4584
0.6029211089778347,0,4585
0.6075047666215201,4,4586
0.3233326722086757,12,4587
0.44711389624485987,17,4588
0.38584566101765116,8,4590
0.38822444417549373,17,4595
0.1475909827868115,11,4596
0.1214786386989406,11,4597
0.4064547977121451,17,4598
0.3110672089734835,19,4599
0.4248164404186303,4,4600
0.10628808096542508,12,4601
0.5099353701650631,17,4602
0.48041878289763595,11,4603
0.384584464616584,17,4604
0.12398097882028825,8,4605
0.1969702250622597,5,4606
0.49577894774664355,12,4607
0.6002787267166545,19,4608
0.6175852958951363,12,4610
0.009001040556125162,5,4613
0.6012968046941299,0,4614
0.6825024460802814,0,4615
0.6219404142971844,8,4616
0.12212159618474672,17,4617
0.14701451723153647,8,4618
0.6431890218223402,8,4619
0.19446763705604087,8,4621
0.30819967739043197,12,4622
0.009074622306431857,12,4623
0.18851148293150954,9,4624
0.22527133932097498,17,4625
0.43706451390357137,17,4626
0.16620462137307368,4,4628
0.053982760570327804,2,4629
0.0841319406815032,8,4631
0.3130709306065722,17,4632
0.1313291138535021,0,4633
0.2915315116981241,3,4634
0.5928525635852954,4,4636
0.3879336498426412,17,4638
0.6800777284154665,17,4639
0.38910256537764454,9,4643
0.6402776495717031,9,4644
0.29394805736412244,12,4646
0.5826017660148529,9,4647
0.616408916397101,0,4648
0.43090066193306853,12,4650
0.25424389096929956,17,4651
0.29701676864329163,8,4654
0.3587017718656562,12,4656
0.0024688781304214036,12,4657
0.4884022036157233,11,4660
0.22553670651087065,8,4662
0.43875670915253595,12,4663
0.37060262444498004,3,4665
0.3977290540617815,9,4666
0.3500511011630044,11,4668
0.43714035380434035,8,4669
0.17129793775924262,2,4670
0.4028625796199614,0,4671
0.23378579176694914,0,4673
0.3526476276285583,3,4675
0.60139430274607,17,4676
0.33010651679934844,11,4677
0.6907180303271762,17,4678
0.01857076269311997,2,4679
0.23635411171405218,5,4681
0.5390306001544352,0,4682
0.05775593565861259,17,4683
0.10922748595992382,11,4684
0.05504267344563574,0,4687
0.42991798042191975,17,4689
0.13131296221548694,4,4693
0.3627233187885006,11,4694
0.33794413362015474,0,4695
0.6300593960103723,17,4696
0.5589067154129357,17,4697
0.47121553805083816,4,4700
0.5073042952544485,3,4704
0.6037541374202917,12,4705
0.6215968005583431,9,4706
0.6609940229771212,8,4708
0.06211543539742104,16,4709
0.6993724751553546,17,4710
0.19398085866935955,4,4711
0.38071718875345806,4,4717
0.3027859042202894,9,4718
0.4503683483244769,11,4721
0.36680420463167906,17,4722
0.23550386819466285,4,4723
0.42356693261269895,11,4724
0.41576336728752916,2,4726
0.10588087944193958,12,4727
0.1035491619083817,11,4729
0.5438962563646604,12,4730
0.16107577112466986,9,4733
0.1496291735668428,19,4735
0.26812643548528126,9,4736
0.12303100512242127,9,4741
0.26314837465004515,12,4743
0.5997194005689448,0,4744
0.5327711099243279,12,4747
0.6715683873178532,17,4749
0.3332232690601443,0,4750
0.38063739426682786,12,4752
0.49735434108558674,11,4753
0.0010268628277042557,12,4754
0.5321406033314111,3,4759
0.4923194461801451,4,4760
0.42429114144645264,12,4761
0.09932687046700617,9,4768
0.43113015278004585,4,4769
0.31945092182732293,0,4770
0.5771513851769133,9,4771
0.18633960405140182,11,4773
0.6327211551171246,11,4779
0.20451365336554317,17,4780
0.33797551647727975,12,4782
0.07012901067591126,8,4788
0.0352444208578544,12,4790
0.07838390268932893,0,4791
0.6566245857794385,11,4792
0.18372355288301945,12,4793
0.6638741386442283,12,4796
0.6723654303609682,12,4797
0.5172256928935901,9,4799
0.20341178364062917,8,4801
0.10354635615762364,0,4803
0.1597439688318385,12,4807
0.5660935559984717,12,4809
0.33826607386076935,17,4810
0.4197273872602707,2,4812
0.6672902477454267,12,4817
0.6375585392305088,12,4818
0.10054621386575469,0,4822
0.670719436796478,9,4823
0.5134236603276635,0,4824
0.10031357754818249,12,4825
0.46524422325976356,17,4827
0.2895677068634316,0,4828
0.693508245990814,12,4831
0.6132839421290519,9,4834
0.34294525270671483,0,4835
0.4837939651344614,0,4838
0.37564974312302923,12,4839
0.5693851452391655,11,4840
0.2412721211277662,9,4843
0.3838865055864603,11,4844
0.29145822277108613,2,4845
0.35112524125965827,4,4846
0.021472641554464933,17,4848
0.2917557713347424,17,4849
0.27754115540640745,17,4850
0.13447321467284,9,4854
0.15739292784082826,17,4859
0.3382859791787265,11,4861
0.6206956748415116,0,4862
0.6977043531223864,3,4863
0.5396631982780947,11,4864
0.042314146468941605,9,4865
0.3936576719147351,17,4869
0.21421727003316748,12,4871
0.575644450014846,0,4874
0.015423842932982268,12,4878
0.2751122616379975,12,4879
0.07711450527083108,8,4881
0.20750074991957235,3,4885
0.06403441746052663,17,4888
0.2718530692862823,17,4890
0.3829588400958436,5,4891
0.6534648333949188,0,4894
0.24165273169647083,0,4895
0.4930535869050363,17,4896
0.5173988863522729,17,4897
0.4681921683470267,5,4899
0.30762820014343917,4,4903
0.4465372260533249,8,4905
0.6181772327947255,0,4906
0.3507229753404624,12,4909
0.09168329129681141,0,4913
0.4352589486690783,17,4914
0.06356204352304451,8,4915
0.6045320973099814,2,4916
0.028676531689251994,3,4918
0.05235709276644829,8,4923
0.38420504271872513,9,4924
0.18592165894513202,0,4930
0.32708232921492597,12,4931
0.15728952325158319,8,4932
0.6758122233595183,8,4933
0.2183500636013227,17,4934
0.2855319335546279,0,4935
0.23733597529728678,8,4936
0.18149195559871478,17,4939
0.4042466811071752,17,4940
0.32309239422457303,11,4941
0.618325915797569,11,4943
0.31191196171287416,9,4944
0.6687414632526898,17,4945
0.1136957459756458,11,4946
0.6029962065814178,11,4947
0.6153225033683303,12,4948
0.20375072877074052,0,4954
0.5749881447842302,9,4956
0.008922671274214755,8,4957
0.6345542813247859,17,4959
0.6499513660854226,8,4960
0.18593915742782585,16,4962
0.039004780898941216,0,4963
0.1743068829955866,3,4964
0.4662849733107344,17,4969
0.3626552880510796,0,4974
0.19327600191010907,17,4977
0.5139666940024324,8,4981
0.4826288453322104,12,4982
0.4165075279354469,17,4983
0.6714347532455139,12,4990
0.3090175125291075,9,4993
0.11254103455375442,0,4998
0.44027761948776234,17,4999
