system:index,Landcover_Class,B2,B3,B4,B5,B6,B7,B1
0_0,6,814,1312,1638,1980,2091,1967,575
3_0,3,445,697,490,3102,1713,983,427
4_0,11,358,687,676,2732,2518,1513,265
5_0,8,-3,61,56,336,232,130,-60
6_0,12,397,720,633,2444,2686,1672,317
8_0,8,102,203,119,1380,620,253,48
9_0,9,252,397,358,1851,1284,674,204
10_0,7,140,224,151,1315,590,254,135
11_0,9,22,161,129,1232,601,298,-41
12_0,3,404,589,617,1398,1005,640,337
13_0,17,401,455,509,738,1397,1405,388
17_0,17,535,806,771,2952,2550,1815,470
20_0,17,753,915,1034,1456,2400,2335,684
21_0,17,884,1277,1702,2686,3296,2299,691
24_0,17,391,662,647,2811,2015,1178,301
25_0,2,449,741,656,3034,2156,1298,357
29_0,11,230,377,419,1446,1502,955,145
30_0,3,725,995,1091,1756,2234,1684,642
31_0,9,108,251,278,1150,1055,575,33
32_0,17,261,470,355,2615,1345,756,239
33_0,0,288,184,96,47,34,19,334
34_0,3,365,580,702,2295,1553,995,312
35_0,8,87,221,155,1782,847,373,50
36_0,0,371,256,113,50,31,21,394
37_0,0,317,251,99,56,28,25,292
40_0,0,197,140,73,44,31,15,216
47_0,11,205,465,493,2487,1776,946,114
48_0,17,463,557,650,1009,1645,1477,429
50_0,0,235,181,76,40,25,21,235
51_0,0,286,178,89,51,34,22,329
52_0,2,308,610,573,2082,1672,1104,187
55_0,9,109,227,211,1428,930,483,60
56_0,9,158,366,349,2119,1391,775,104
57_0,8,105,183,139,1082,566,298,65
59_0,0,616,822,737,164,37,19,486
62_0,11,347,558,529,1721,2283,1473,288
64_0,17,289,493,293,3696,1860,838,286
68_0,12,413,695,713,2272,2845,1841,307
70_0,12,459,792,863,2714,3440,2164,340
71_0,0,220,159,81,48,34,18,233
72_0,0,380,350,130,68,34,22,325
75_0,8,95,158,155,615,458,242,53
76_0,4,393,641,650,1736,1225,896,287
77_0,17,365,666,633,2529,2013,1463,303
80_0,0,188,261,128,59,44,35,182
81_0,9,143,244,131,1862,695,308,125
85_0,11,1201,1647,2067,2737,3178,2595,977
86_0,12,359,747,418,3906,2049,1052,337
89_0,0,434,438,189,124,81,60,368
90_0,5,607,798,836,1147,1214,1025,487
92_0,3,299,583,823,1297,2111,1765,153
101_0,17,453,719,692,2726,2512,1459,394
103_0,4,640,830,956,1483,1645,1445,509
104_0,17,809,1293,1614,2498,2842,2343,593
105_0,12,365,529,563,1251,1962,1454,285
106_0,8,72,156,131,1393,484,207,14
111_0,19,300,331,351,622,790,581,294
113_0,0,475,512,237,55,19,9,399
114_0,19,789,985,1174,2041,3089,2494,692
116_0,12,582,840,781,2279,2746,1757,502
118_0,8,67,124,94,823,333,157,32
119_0,0,273,174,93,47,31,23,308
120_0,11,181,352,402,1217,1181,683,75
122_0,4,642,897,893,2054,1715,1296,588
123_0,11,406,728,640,2623,2619,1572,323
124_0,12,218,830,629,2917,1564,912,73
127_0,19,503,677,745,1968,1838,1289,437
128_0,0,273,196,90,55,28,17,278
129_0,17,498,706,770,1769,1881,1425,428
130_0,4,576,991,1120,2213,1451,1147,428
132_0,17,583,850,1113,2242,2877,2070,460
133_0,12,577,885,1114,2251,3350,2057,441
134_0,8,58,164,99,2087,520,191,11
138_0,11,324,578,516,2116,2410,1482,270
139_0,17,285,461,388,2510,1584,826,250
140_0,17,233,573,446,5436,1868,904,156
142_0,12,386,757,605,3065,2485,1388,304
143_0,0,505,635,393,56,24,10,394
145_0,0,441,343,120,45,30,17,391
146_0,12,478,906,968,2724,3037,1949,381
147_0,0,519,710,660,140,24,9,411
148_0,11,659,1149,1280,3254,3559,2127,464
151_0,17,568,773,884,1370,2012,1873,464
154_0,3,243,397,432,1387,1579,1052,188
155_0,8,113,203,158,1631,633,302,69
156_0,17,316,548,528,1951,1424,921,248
157_0,17,415,550,500,2844,1926,1241,377
158_0,17,321,575,394,3254,1735,899,292
159_0,12,477,707,681,1993,2795,1982,423
160_0,0,483,605,380,67,19,13,412
161_0,11,465,819,1129,2476,3665,2504,324
162_0,17,380,519,640,982,1493,1190,334
169_0,17,526,974,1089,1819,1524,1251,289
171_0,0,229,172,92,56,32,25,242
173_0,17,356,520,543,1723,1663,1067,292
177_0,17,482,873,772,2581,2155,1272,375
178_0,3,575,895,1003,1899,1605,1308,486
181_0,4,588,869,898,1743,1307,1019,449
183_0,12,372,524,498,1466,1550,876,314
187_0,17,481,726,936,1401,2323,2124,371
189_0,17,596,813,1058,1782,2770,2159,478
190_0,12,328,617,582,2389,2100,1312,258
191_0,8,89,209,139,1651,733,339,52
193_0,9,106,260,212,1253,1012,590,59
195_0,9,11,94,88,607,417,221,-44
196_0,17,334,552,629,1513,1542,1001,238
199_0,12,223,471,375,2205,1682,921,169
200_0,17,559,905,1202,1776,2736,2356,463
201_0,17,283,467,254,4058,1751,718,281
202_0,3,408,737,605,3957,2397,1341,334
203_0,11,338,409,414,1459,1171,689,316
205_0,3,541,874,909,1558,1113,814,423
212_0,9,38,181,122,2207,948,390,3
215_0,0,280,179,97,50,33,23,327
216_0,12,400,768,620,2806,2411,1391,337
217_0,19,331,390,424,524,457,329,292
218_0,12,299,680,495,3268,2186,1193,240
222_0,9,99,179,162,1033,472,264,62
224_0,17,571,699,842,1316,2373,2210,519
226_0,17,315,547,473,2382,1931,1205,290
227_0,11,293,504,435,2037,1870,1039,236
228_0,12,345,578,423,2270,1598,916,314
229_0,0,227,178,83,40,21,14,226
231_0,3,343,735,844,1955,2480,1651,246
234_0,12,382,650,724,1729,1981,1253,303
235_0,11,494,907,864,2994,3386,2139,400
236_0,17,315,516,476,2097,1542,992,294
238_0,12,435,738,563,2623,2602,1665,397
241_0,17,358,634,814,2263,2975,1992,271
243_0,12,440,712,839,1793,2602,2035,353
244_0,17,302,476,407,2023,1810,1111,266
246_0,0,236,166,78,50,30,17,238
247_0,11,547,892,1021,3235,2669,1570,427
250_0,18,285,484,388,2510,1490,760,242
251_0,17,664,792,866,1442,2340,2125,615
252_0,11,216,380,256,1266,1061,638,186
253_0,12,583,1012,1176,2762,2907,1663,384
254_0,9,92,183,150,1144,739,352,54
255_0,17,275,457,601,983,1865,1596,217
256_0,12,394,649,717,1754,2493,1658,287
257_0,0,235,169,74,50,34,21,222
259_0,11,336,598,666,2037,2319,1475,229
260_0,12,261,544,439,1762,1203,681,176
262_0,16,285,488,461,1836,1275,761,247
263_0,12,366,651,704,2346,2666,1624,270
264_0,8,56,85,40,563,209,83,40
265_0,3,536,730,807,1907,1936,1471,450
268_0,17,460,680,744,2200,2436,1597,408
270_0,17,311,375,435,603,1110,894,261
272_0,0,274,181,99,53,36,24,312
273_0,9,85,164,116,882,682,364,50
274_0,3,630,917,1026,1698,1688,1359,532
276_0,12,402,680,573,2284,2521,1559,330
277_0,0,273,286,203,110,64,40,266
281_0,11,536,638,590,2013,1473,847,466
283_0,2,206,445,376,2018,1038,625,109
284_0,11,497,667,653,2347,2432,1414,466
286_0,12,367,771,744,2822,2661,1512,233
287_0,11,52,171,171,1214,787,461,-6
290_0,17,358,381,393,606,920,792,361
293_0,0,517,664,434,69,15,10,417
295_0,0,496,669,614,129,22,12,404
296_0,4,476,672,709,1755,1421,1072,422
298_0,4,814,947,974,1494,1431,1201,661
304_0,17,379,574,739,1190,1589,1323,302
305_0,18,199,437,293,3106,1046,487,135
306_0,12,528,885,830,2903,3151,1912,455
307_0,18,228,366,302,1610,1310,643,220
311_0,9,128,208,174,1196,637,334,96
312_0,17,219,307,392,641,1197,1061,165
316_0,12,518,752,732,2427,2735,1763,437
317_0,4,542,574,530,1598,1056,742,516
320_0,8,40,61,41,246,122,59,30
321_0,9,181,176,132,663,492,265,159
323_0,17,535,853,931,2142,2398,1573,409
326_0,17,426,718,542,3217,2155,1298,382
329_0,0,438,595,449,98,28,17,354
330_0,11,510,764,825,2247,3070,1913,428
331_0,17,353,555,624,2139,1791,1075,320
338_0,11,272,603,349,3308,1844,943,221
339_0,8,116,208,183,1209,784,374,68
340_0,12,473,715,645,2199,2688,1711,417
342_0,3,576,851,920,1905,1408,1083,469
344_0,17,685,1018,1345,2108,3658,3184,573
346_0,0,509,627,397,59,14,12,418
347_0,3,187,321,313,1636,786,495,150
349_0,17,363,630,696,2029,2014,1425,268
353_0,17,648,842,964,1566,2137,1792,558
354_0,9,310,584,671,1854,2045,1238,161
357_0,9,-27,23,28,174,92,42,-65
359_0,0,339,435,248,52,24,12,279
360_0,17,687,998,1213,1924,2796,2367,583
364_0,4,609,906,1071,1681,1401,1175,476
365_0,8,143,256,220,2186,832,353,114
368_0,5,878,1341,1479,1611,1973,1736,589
371_0,0,448,457,184,51,16,15,388
373_0,0,470,518,239,47,20,12,404
375_0,9,238,337,244,1729,1118,581,224
376_0,11,208,343,310,942,1164,783,179
377_0,4,424,631,703,1357,952,688,336
378_0,19,262,300,263,269,97,62,263
381_0,0,477,521,250,51,19,10,407
382_0,12,188,405,456,1568,1482,849,73
383_0,12,263,563,375,2848,1941,1046,226
384_0,2,123,167,149,604,523,291,107
386_0,11,96,268,328,1574,1555,909,7
387_0,8,182,300,193,1733,886,401,145
388_0,9,177,350,281,2562,1420,676,127
389_0,9,162,290,296,1110,1127,623,118
393_0,11,323,537,672,2073,2117,1432,211
394_0,11,473,650,621,2459,2589,1512,419
397_0,12,196,348,218,1717,921,492,172
399_0,11,225,395,420,1220,1721,1095,166
404_0,11,442,807,1015,2438,2872,1708,287
405_0,4,487,675,675,1741,1241,962,391
406_0,4,498,641,719,1537,1220,880,439
412_0,11,469,583,594,1485,1389,900,419
414_0,17,535,802,1048,1634,2916,2782,414
416_0,11,245,453,540,1906,2100,1285,142
417_0,0,507,629,394,66,18,12,411
419_0,0,296,193,108,57,42,26,342
423_0,17,380,668,593,3593,1796,1096,334
424_0,0,486,573,305,49,24,14,415
425_0,17,402,563,597,1941,1881,1277,343
426_0,0,354,243,93,44,19,9,354
428_0,8,51,175,106,1972,490,183,9
429_0,16,1004,1231,1306,1683,1608,1207,840
432_0,17,535,805,847,2863,2055,1394,435
433_0,18,561,793,912,1478,2337,1831,426
434_0,8,94,234,216,1411,885,416,67
436_0,9,84,182,175,903,510,299,41
439_0,4,752,985,1058,1677,1932,1534,669
441_0,0,424,408,163,47,19,9,388
443_0,12,263,383,416,963,1145,735,203
444_0,9,65,275,265,1298,1039,569,14
445_0,9,185,363,304,1781,1098,526,142
446_0,0,411,401,157,61,33,21,369
447_0,0,339,252,99,57,29,19,318
449_0,8,119,195,119,1737,543,224,86
450_0,11,101,302,210,2275,911,413,37
452_0,17,728,985,1224,1728,2553,2232,595
455_0,12,699,1060,1355,2559,3630,2457,529
458_0,3,258,545,625,1325,1297,1016,67
460_0,4,1421,1845,2127,2365,2937,2748,1232
462_0,2,347,653,416,4025,1979,1028,293
463_0,12,142,401,405,1674,1717,1041,46
464_0,12,477,664,637,2181,2493,1542,430
465_0,4,424,689,760,1861,1766,1258,344
466_0,2,306,484,408,2860,1717,893,252
469_0,17,379,537,556,1685,1734,1139,326
471_0,3,155,380,404,1773,1198,844,73
472_0,17,224,531,347,3133,1355,680,185
474_0,0,205,300,296,1559,681,392,213
475_0,17,434,794,851,2846,1921,1313,284
476_0,17,382,622,481,2859,1941,1216,337
477_0,12,669,774,935,1847,3012,2174,519
478_0,0,533,566,300,73,29,15,467
483_0,12,374,826,603,3515,2603,1426,278
484_0,2,199,312,194,2194,861,353,190
487_0,11,176,303,337,1289,1154,705,103
490_0,19,515,737,681,2413,2303,1350,464
492_0,12,841,1277,1522,3401,4300,2708,648
493_0,12,343,638,330,3731,1583,727,340
498_0,9,116,244,217,1433,938,467,65
500_0,11,257,478,535,1327,1306,827,129
503_0,12,300,631,434,2947,2013,1069,238
504_0,9,215,468,418,2313,1834,1073,159
505_0,4,426,672,649,1943,1231,826,327
510_0,11,110,171,176,513,551,353,52
512_0,11,189,297,245,1031,790,437,169
513_0,12,510,924,1053,3331,3447,2225,344
515_0,11,186,308,254,1692,1099,559,137
516_0,5,598,652,730,1703,1060,1289,478
517_0,11,424,665,567,3378,2450,1252,382
518_0,12,490,654,621,1637,2562,1792,451
521_0,8,188,369,270,3203,1204,497,132
523_0,8,81,151,100,1707,451,183,33
524_0,12,399,647,513,2727,2311,1343,358
530_0,3,505,639,669,1642,1185,897,443
532_0,17,392,650,793,1671,1830,1398,322
535_0,8,1,89,86,566,429,222,-56
537_0,11,241,456,538,1912,2059,1337,137
538_0,12,548,806,938,1820,2667,1903,421
539_0,11,290,489,511,1677,1946,1207,186
540_0,4,718,1289,1424,2236,2288,1879,526
541_0,9,60,155,114,911,526,267,29
543_0,9,114,266,225,1860,1046,495,62
545_0,0,500,472,181,42,19,15,411
549_0,12,337,548,565,1582,1846,1293,262
551_0,7,136,178,102,1166,413,183,143
554_0,12,580,939,959,2883,3852,2479,484
555_0,0,694,901,975,694,33,17,583
558_0,0,524,694,520,103,28,21,427
559_0,17,268,464,590,1654,1780,1163,193
560_0,17,551,674,768,1111,1783,1585,508
562_0,8,148,320,300,1775,1305,704,57
563_0,17,475,615,747,1167,1854,1674,435
564_0,0,454,321,121,41,19,14,429
565_0,9,280,454,438,1982,2026,1134,196
566_0,17,401,566,573,1463,1624,1198,361
568_0,11,239,333,345,1024,1194,775,203
570_0,8,62,91,57,408,158,73,48
572_0,17,844,1200,1581,2521,3371,2391,623
573_0,11,146,244,240,918,952,617,100
575_0,17,308,497,497,1356,1492,1183,249
577_0,8,154,280,195,1861,1000,452,111
580_0,12,507,764,821,2853,2825,1770,428
581_0,17,416,685,936,1789,2687,2218,325
584_0,11,128,275,295,1314,1157,669,63
585_0,11,453,690,590,2568,2817,1683,421
586_0,12,277,396,441,926,1184,801,211
588_0,9,214,366,263,2843,1276,542,171
589_0,5,1084,1154,1381,1636,1094,785,1103
590_0,3,574,712,705,1260,1099,882,502
593_0,11,498,686,687,2484,2984,1755,454
596_0,11,291,566,658,1962,2240,1286,176
598_0,8,67,176,103,2133,484,179,20
600_0,0,545,471,179,56,19,13,465
601_0,9,126,238,157,2716,961,353,77
602_0,19,743,1131,1378,1907,3048,2317,550
604_0,17,578,795,877,985,972,847,466
605_0,11,420,675,913,1991,2392,1819,319
606_0,0,477,457,178,55,29,15,435
607_0,11,513,743,846,1795,2921,2047,401
609_0,17,349,566,345,4339,1854,937,325
615_0,9,211,403,351,2383,1635,869,146
616_0,17,339,575,600,2022,1805,1201,293
619_0,8,205,328,226,2341,1224,527,184
628_0,11,313,481,450,2089,1384,725,298
632_0,12,276,553,482,1998,1848,1029,215
635_0,11,309,434,389,1258,1238,799,258
637_0,9,113,262,203,1461,963,496,73
638_0,11,257,263,218,526,568,360,258
639_0,17,354,624,565,2535,1649,1078,285
641_0,0,378,498,385,110,37,23,334
642_0,19,448,544,648,1329,2185,1597,402
643_0,12,336,600,397,2530,1875,1066,314
644_0,12,391,785,572,3192,2449,1321,311
646_0,2,203,307,252,1710,915,490,161
647_0,12,570,952,1115,2153,2488,1611,414
648_0,11,442,581,599,1737,2293,1403,380
649_0,9,285,416,362,1336,982,539,228
651_0,0,368,256,101,41,24,11,369
652_0,4,454,723,782,1757,1416,1107,333
653_0,17,265,432,408,1972,1252,754,218
654_0,0,496,580,321,56,26,16,415
655_0,2,502,824,728,2290,2025,1390,410
657_0,9,141,295,296,1661,1226,659,79
658_0,0,232,247,104,57,48,35,215
663_0,12,283,416,401,2455,1502,839,234
666_0,12,695,1092,1291,3032,4632,3029,524
667_0,9,139,299,234,2339,1226,535,90
668_0,9,125,242,210,1491,921,460,76
669_0,8,99,285,300,1966,1294,654,34
670_0,17,660,1053,1259,2379,3576,3104,512
671_0,0,337,406,329,378,346,245,302
675_0,18,275,419,559,943,1833,1609,191
676_0,0,635,820,714,152,20,16,521
677_0,17,532,817,764,2581,2062,1447,486
686_0,11,194,362,316,1192,1135,698,140
688_0,0,536,675,447,71,18,10,449
689_0,8,326,565,528,2389,1581,946,246
690_0,0,209,156,71,37,27,13,226
692_0,8,60,198,131,1921,508,221,4
693_0,8,54,169,112,2384,637,231,13
695_0,8,74,163,103,1610,560,226,17
696_0,12,316,515,565,1352,1853,1298,219
698_0,17,571,771,932,1378,2101,1895,501
701_0,8,134,118,54,249,92,40,147
703_0,0,232,203,86,41,25,13,228
705_0,11,558,1056,1270,3298,3279,1867,356
710_0,12,191,407,190,2161,1114,557,175
711_0,12,527,901,917,2548,3229,2175,420
713_0,12,533,911,1047,2827,3523,2223,379
715_0,11,287,468,485,1775,2069,1348,215
716_0,0,201,161,81,56,31,24,212
718_0,9,162,252,159,1846,793,322,153
722_0,9,115,277,219,2449,1183,528,71
723_0,5,708,1080,1228,1491,1229,949,667
725_0,11,289,492,378,2658,1761,954,271
726_0,8,127,311,243,3219,1074,480,82
727_0,17,470,635,554,2007,1550,1287,450
728_0,12,280,534,487,1865,2120,1282,226
729_0,17,514,648,751,1589,1989,1674,458
730_0,0,520,654,425,67,19,10,415
731_0,2,556,909,1079,1959,2417,1933,422
732_0,8,59,151,85,1099,409,185,20
734_0,0,672,844,888,535,26,14,590
735_0,9,198,346,265,2231,1233,605,151
738_0,0,290,241,83,32,18,13,292
742_0,0,289,335,255,126,35,19,278
743_0,2,238,390,374,2021,1368,760,179
745_0,0,229,162,74,38,27,15,223
750_0,0,273,178,105,54,44,29,312
751_0,17,310,614,563,2646,1717,1088,248
752_0,8,192,318,218,2329,1095,484,147
753_0,12,592,887,1005,2681,2977,1875,493
754_0,8,37,105,62,1001,261,105,7
755_0,9,311,546,583,1998,2092,1228,229
756_0,17,257,461,307,3013,1708,789,254
758_0,12,284,486,369,3354,1723,777,240
759_0,0,668,874,900,424,21,12,563
760_0,12,409,530,614,1090,2042,1607,316
762_0,0,315,194,99,51,33,28,375
764_0,11,356,538,593,1735,2358,1592,278
765_0,17,200,417,294,4302,1281,517,121
766_0,4,604,790,816,1571,1303,994,524
768_0,9,311,630,703,2029,2234,1352,201
770_0,19,333,410,569,1684,1674,883,298
773_0,17,208,335,257,1714,1106,574,182
778_0,17,555,651,767,1234,2141,1854,482
780_0,12,478,768,681,2494,3031,2046,411
782_0,5,2295,2478,2699,2913,2444,1729,2018
783_0,9,130,283,248,1292,1059,605,72
784_0,0,540,663,420,80,28,10,447
785_0,0,228,168,74,42,27,13,232
786_0,12,563,992,1043,3015,3417,2022,411
788_0,17,314,513,364,3352,1825,929,281
794_0,4,681,766,769,1912,1592,1214,477
795_0,3,340,420,437,1424,1576,1082,306
796_0,17,651,870,928,1850,2655,2231,590
798_0,17,343,577,602,1990,1867,1258,295
800_0,11,254,547,429,2514,1733,985,167
801_0,12,361,721,745,2455,2389,1378,240
803_0,17,264,327,387,618,1348,1221,238
806_0,12,327,681,580,2729,2327,1359,225
807_0,9,175,251,200,1291,842,492,134
808_0,8,213,330,289,1843,1097,594,189
810_0,12,400,640,468,2312,2117,1291,372
811_0,17,425,713,558,3784,2414,1228,386
814_0,17,425,609,569,2413,1668,1095,362
816_0,17,384,539,479,1721,1584,1117,366
818_0,0,232,213,77,37,28,22,243
821_0,2,341,355,296,1086,744,462,321
822_0,17,328,720,653,2465,1498,946,293
824_0,8,53,138,88,1046,449,184,34
827_0,17,360,639,458,3420,1932,1038,334
829_0,9,210,325,297,1307,1254,771,165
830_0,0,200,149,82,45,29,23,233
832_0,17,468,560,669,1046,1898,1797,417
834_0,9,165,325,332,1473,1233,704,97
835_0,17,464,752,843,2381,1972,1334,383
837_0,5,972,1292,1413,1787,1769,1587,641
839_0,17,590,751,909,1520,2751,2169,508
843_0,4,654,914,954,1537,1482,1270,518
844_0,19,401,520,528,1448,1154,688,347
846_0,11,175,305,310,1102,956,584,127
848_0,17,247,504,397,3096,1625,865,204
849_0,9,271,415,411,1651,1640,913,202
853_0,3,462,617,589,1698,1188,852,357
857_0,12,339,771,613,3525,2938,1674,268
858_0,9,248,344,314,1138,1086,705,221
865_0,12,389,700,573,2552,2560,1590,318
868_0,11,152,272,292,1129,937,534,90
869_0,17,311,741,469,2663,1489,880,230
870_0,0,475,519,250,47,19,12,408
871_0,5,799,955,1018,1366,1402,1185,729
873_0,0,237,312,262,84,45,21,210
874_0,12,564,722,926,1655,2853,2621,509
875_0,0,261,232,100,66,52,38,241
880_0,17,227,485,350,3339,1623,767,200
884_0,12,563,834,950,2128,2767,2185,487
885_0,11,261,385,467,1154,1786,1237,196
886_0,2,985,1357,1543,2234,2418,2064,825
888_0,0,503,559,296,58,25,16,429
890_0,9,48,152,158,785,683,377,-13
891_0,11,324,484,558,1319,1894,1299,232
892_0,3,249,449,286,2640,1151,534,247
895_0,8,159,299,205,3463,989,439,130
902_0,4,394,495,403,1467,907,634,307
905_0,12,393,600,554,1882,1728,1084,319
906_0,17,327,606,323,5201,1797,806,305
908_0,12,477,733,842,1790,2476,1808,357
911_0,18,168,222,238,694,885,509,114
912_0,8,12,49,31,389,138,63,-10
913_0,11,402,564,482,1908,2047,1201,378
918_0,17,548,774,1031,1610,2352,2125,471
919_0,17,424,627,825,1291,1796,1478,309
921_0,8,29,98,66,1169,366,159,-11
922_0,9,141,328,303,1690,1350,710,83
924_0,9,142,378,295,3088,1527,703,66
925_0,11,406,690,393,3495,1813,887,404
926_0,17,406,525,579,990,1170,916,355
927_0,0,528,656,418,64,17,9,434
928_0,4,558,812,1001,1718,1770,1582,472
929_0,0,367,356,157,46,21,18,359
930_0,11,177,238,242,558,566,362,117
932_0,19,441,583,603,1711,2002,1248,383
935_0,0,391,375,142,46,24,14,375
936_0,3,527,761,789,2134,2112,1514,464
937_0,2,235,529,352,2216,1700,944,159
940_0,8,69,185,117,1656,528,206,38
943_0,0,225,174,73,49,33,16,230
950_0,8,77,168,157,785,619,347,20
951_0,3,391,519,494,1383,934,670,315
952_0,2,353,527,557,1688,1686,1146,294
954_0,16,344,623,328,4460,1727,772,317
956_0,17,456,679,682,2319,2468,1450,376
957_0,5,750,896,982,1059,1104,960,604
959_0,9,146,241,183,1458,699,318,139
962_0,8,197,338,342,1633,1345,748,116
964_0,2,409,649,620,2247,1909,1253,317
966_0,17,301,489,518,1993,1713,1050,244
968_0,3,438,665,685,1903,1379,976,316
970_0,12,412,727,807,2386,2666,1573,267
971_0,0,458,485,197,55,22,11,409
972_0,11,146,299,323,1068,881,565,82
974_0,11,401,734,903,2091,2664,1616,250
977_0,0,517,523,196,54,35,16,408
980_0,8,155,113,58,308,95,33,159
981_0,17,435,614,715,1396,2228,1890,353
983_0,2,362,545,567,1720,1495,961,282
988_0,0,471,511,242,53,20,11,397
990_0,11,272,510,639,1786,2339,1552,160
991_0,9,116,265,232,2406,822,362,59
992_0,0,590,756,598,108,20,14,474
994_0,3,215,517,429,2602,1526,832,146
995_0,3,439,750,753,1698,1072,800,362
996_0,11,292,467,349,2053,1446,827,268
998_0,0,461,417,152,42,17,14,392
1001_0,17,724,1040,1349,1981,2846,2660,591
1003_0,12,293,407,385,1441,1416,763,229
1004_0,0,168,235,199,358,388,294,134
1005_0,12,220,576,489,3044,1915,1028,190
1006_0,8,84,78,49,243,146,70,72
1007_0,12,436,600,542,1815,2039,1475,396
1009_0,17,266,382,410,1267,1053,767,228
1011_0,8,274,425,325,2767,1526,710,271
1012_0,16,613,909,1021,1835,2534,2331,466
1014_0,4,928,1142,1165,1956,1994,1641,801
1015_0,4,445,590,614,1513,1499,990,417
1016_0,0,290,191,104,56,42,26,331
1017_0,12,455,679,572,2082,2302,1483,399
1018_0,0,467,510,249,46,20,9,391
1020_0,12,353,663,681,2262,2941,1880,239
1022_0,12,465,781,620,2804,2360,1340,414
1024_0,9,92,176,141,1365,628,291,44
1028_0,2,480,639,710,2240,1769,1245,393
1032_0,9,39,70,62,336,211,105,32
1033_0,8,162,282,198,2114,1058,445,125
1035_0,4,553,835,848,1629,1369,1062,421
1038_0,11,226,482,472,2303,2154,1265,132
1039_0,0,265,169,90,50,37,24,304
1041_0,5,893,1034,1098,1304,1316,1143,844
1045_0,4,989,1164,1204,1976,1605,1158,873
1049_0,8,133,244,234,838,900,537,85
1050_0,2,585,749,837,1629,2287,1715,505
1052_0,3,139,351,317,2053,967,571,61
1053_0,17,299,730,420,3885,1493,726,240
1054_0,0,465,402,135,43,19,12,388
1059_0,3,573,742,771,1811,1361,993,471
1064_0,3,518,706,749,1752,1543,1143,437
1066_0,17,260,461,393,2119,1571,903,229
1067_0,0,270,425,354,847,917,616,232
1069_0,2,360,552,695,2430,1628,893,301
1071_0,3,284,469,438,1852,1155,689,215
1072_0,17,396,464,514,810,1190,967,391
1074_0,12,478,768,774,2180,3205,2132,385
1077_0,3,400,503,527,1234,1077,905,343
1080_0,9,179,324,266,1824,1022,512,117
1081_0,11,382,552,529,1813,2072,1277,319
1083_0,3,450,638,659,1603,1353,935,372
1084_0,17,343,427,509,1315,1552,994,312
1086_0,17,366,639,634,2047,1608,1153,282
1087_0,12,832,1249,1366,3071,3704,2449,640
1090_0,12,343,635,542,2441,2485,1501,261
1091_0,17,193,521,345,3346,1470,741,141
1096_0,11,515,692,661,2465,2586,1519,487
1099_0,11,228,318,350,927,937,596,180
1102_0,11,263,503,507,1530,1803,1178,170
1105_0,11,141,318,356,1464,1364,803,62
1106_0,0,382,511,366,107,40,23,322
1107_0,17,404,677,577,2317,1774,1100,329
1109_0,9,130,283,235,1744,1238,655,75
1110_0,12,260,600,403,3121,1825,994,198
1113_0,17,490,674,766,1667,2371,1609,444
1114_0,9,118,159,105,808,400,193,95
1115_0,8,247,356,267,3083,1263,604,219
1116_0,0,426,577,396,82,31,21,351
1117_0,12,267,486,315,2241,1187,719,255
1118_0,12,341,763,387,4216,2183,1111,324
1120_0,9,107,192,165,906,734,412,68
1121_0,17,275,457,401,2189,1512,832,253
1123_0,12,291,577,488,2244,1743,981,221
1125_0,8,4,99,89,1121,508,219,-55
1127_0,12,266,600,438,2837,2002,1112,190
1129_0,17,267,487,291,3741,1708,743,276
1130_0,12,337,720,573,3166,2353,1355,264
1131_0,0,196,143,74,45,30,21,228
1132_0,9,266,337,315,1291,1047,622,220
1134_0,11,417,655,649,2329,2427,1498,371
1138_0,17,540,777,904,1844,2275,1748,454
1140_0,12,307,506,555,1212,1557,1031,231
1141_0,12,642,953,1117,2372,3449,2439,536
1142_0,3,468,677,719,1912,1318,910,371
1143_0,4,692,782,861,1564,1547,1247,633
1144_0,17,579,897,1168,1788,2387,2009,466
1147_0,2,657,1086,1336,2099,1573,1377,464
1149_0,0,334,302,111,42,25,10,305
1150_0,12,369,660,562,2959,2403,1417,325
1151_0,0,432,467,209,52,22,14,349
1153_0,12,327,562,588,1853,2241,1423,257
1155_0,0,313,221,90,42,20,9,339
1156_0,4,703,873,965,1610,1370,1086,614
1157_0,17,210,385,316,1688,900,503,170
1158_0,8,109,255,187,2231,749,305,82
1159_0,2,437,782,677,2858,3066,1930,361
1160_0,9,185,373,252,3237,1339,557,133
1163_0,12,294,491,477,1229,1811,1258,205
1165_0,12,338,674,504,2972,1931,1040,276
1167_0,17,830,1101,1217,1601,2158,1810,720
1169_0,4,484,686,765,1603,1100,895,429
1171_0,3,458,547,482,724,624,451,354
1172_0,17,296,714,379,4120,1454,650,263
1174_0,12,472,830,706,3041,2539,1536,413
1177_0,9,252,370,377,1341,1402,840,228
1182_0,8,92,193,129,2090,626,259,53
1184_0,8,169,358,249,3744,1188,494,119
1185_0,3,817,1002,1096,1722,1689,1440,733
1187_0,17,437,616,609,1683,1922,1444,414
1190_0,11,71,152,116,1060,378,173,42
1192_0,19,300,496,389,1665,1004,591,268
1196_0,12,556,756,871,1644,2881,2012,463
1197_0,12,301,452,366,1628,1568,993,275
1198_0,4,557,820,869,1773,1490,1144,450
1199_0,17,420,565,566,2184,1976,1425,384
1201_0,11,375,513,493,1236,1059,659,339
1202_0,5,1253,1391,1426,1423,1677,1601,1147
1204_0,11,550,937,1205,1736,2658,2269,416
1205_0,3,369,577,676,1455,1211,913,277
1208_0,0,538,692,523,89,24,13,418
1211_0,9,441,704,719,2095,1915,1108,296
1213_0,5,335,701,681,2372,1633,1307,120
1214_0,12,329,554,554,1737,2367,1556,267
1215_0,2,237,470,476,2479,1618,887,179
1216_0,0,491,512,226,46,20,14,435
1217_0,8,70,88,45,526,187,77,48
1218_0,0,321,844,738,198,34,25,296
1219_0,0,289,445,428,227,51,36,258
1223_0,12,439,706,610,2512,2395,1366,374
1224_0,0,196,149,74,38,27,16,210
1226_0,9,277,396,366,1666,1236,675,240
1227_0,9,84,110,68,680,279,118,56
1228_0,12,461,732,930,1673,2354,1947,350
1229_0,12,421,660,574,2085,2491,1574,323
1230_0,8,131,373,310,3201,1635,749,67
1233_0,0,387,382,132,35,22,12,354
1235_0,12,335,524,601,1621,2179,1515,258
1236_0,17,360,682,727,2226,1768,1106,252
1237_0,12,325,592,464,2203,1692,1072,271
1238_0,2,229,585,287,3793,1508,685,178
1241_0,12,436,680,557,2167,2635,1683,400
1243_0,0,540,672,416,71,21,11,469
1244_0,11,24,82,54,554,333,166,-29
1245_0,9,78,141,125,795,426,226,27
1247_0,5,1524,1842,1972,2085,3282,3208,1161
1249_0,12,1234,1549,1753,2449,2254,1803,1028
1251_0,11,447,661,517,2726,2330,1319,410
1252_0,3,197,440,421,1823,1174,705,135
1254_0,0,430,613,473,111,36,18,345
1255_0,11,269,265,184,395,414,339,283
1258_0,11,267,493,501,2134,1902,1123,195
1260_0,0,207,153,74,46,35,21,213
1262_0,0,190,143,71,38,24,15,219
1266_0,2,97,202,143,1803,505,202,65
1268_0,19,354,562,577,451,141,93,294
1274_0,6,2885,3502,3796,4751,5210,3214,2438
1277_0,12,250,366,379,1592,1523,919,208
1278_0,0,587,752,637,119,19,10,479
1281_0,12,569,916,919,2677,2803,1763,461
1283_0,12,405,810,574,3203,2174,1256,330
1284_0,9,95,190,121,1220,499,217,64
1285_0,17,419,547,574,1556,1898,1494,375
1287_0,17,624,1045,1271,2649,3330,2845,464
1290_0,0,289,188,99,61,44,31,327
1291_0,12,247,495,403,2153,1873,1075,175
1294_0,4,485,897,998,1825,1761,1450,296
1297_0,7,206,375,278,3081,1461,635,177
1299_0,17,430,593,757,1207,1695,1445,312
1300_0,3,116,350,265,2601,1116,567,31
1304_0,0,504,531,237,53,25,14,452
1307_0,0,376,223,94,41,20,12,379
1308_0,0,207,167,77,41,25,18,219
1309_0,3,730,927,1172,1861,2412,2187,647
1310_0,8,100,110,52,561,165,75,95
1311_0,5,1246,1507,1593,1771,1687,1388,1113
1312_0,4,470,759,794,1765,1467,1149,311
1313_0,5,762,824,847,953,1068,907,688
1316_0,12,253,599,408,3313,2084,1043,186
1317_0,2,603,1099,854,4695,2804,1661,464
1318_0,8,112,236,167,1927,692,289,77
1322_0,12,324,553,510,1808,1903,1354,252
1324_0,17,383,633,620,2036,1679,1076,338
1325_0,0,658,840,830,268,21,16,545
1327_0,12,476,854,547,4024,2625,1367,454
1329_0,9,208,428,462,1777,1681,946,107
1330_0,8,165,216,141,1021,438,200,160
1331_0,11,191,372,397,1206,1201,758,107
1334_0,12,505,804,881,2115,3346,2425,411
1335_0,0,213,156,83,47,27,24,215
1338_0,9,209,447,514,2034,1769,1003,110
1339_0,17,859,1174,1488,2150,2879,2376,697
1340_0,12,393,614,767,1429,2188,1685,262
1341_0,12,412,694,551,2624,2162,1201,367
1342_0,0,315,305,149,69,33,17,321
1346_0,9,238,370,248,1649,1057,556,214
1347_0,19,244,290,279,593,385,287,243
1352_0,8,153,277,279,1361,1129,622,90
1354_0,9,222,386,351,1837,1565,861,192
1355_0,2,467,595,604,1104,1001,785,421
1358_0,0,592,926,1158,1064,90,51,572
1360_0,11,498,601,583,1724,2038,1413,469
1361_0,8,124,249,197,2557,769,340,109
1367_0,9,256,280,256,1032,873,510,227
1378_0,12,327,580,498,2497,1813,954,250
1379_0,0,219,159,78,51,30,24,228
1380_0,2,229,337,317,1635,937,536,188
1382_0,17,527,742,909,1363,1947,1652,433
1384_0,4,394,562,585,1441,1349,1020,310
1385_0,12,357,720,503,3048,2412,1298,271
1386_0,17,209,597,386,3083,1368,621,131
1388_0,2,350,570,461,2542,1706,977,320
1392_0,17,521,713,665,1790,1728,1187,478
1395_0,12,493,787,815,2502,2848,1712,428
1399_0,12,575,810,801,2409,2837,1805,489
1402_0,12,592,997,992,2809,2693,1648,467
1406_0,0,247,174,82,48,26,11,258
1407_0,4,503,761,849,1582,1423,1186,377
1409_0,17,354,597,704,2257,2194,1452,303
1411_0,2,643,1007,968,2961,2634,1920,552
1413_0,17,486,782,813,2048,2159,1726,413
1416_0,0,310,193,97,48,31,25,355
1418_0,19,269,392,423,985,1073,696,213
1419_0,8,64,124,113,842,590,277,23
1420_0,11,29,117,107,959,413,233,-4
1424_0,9,224,422,461,1467,1298,801,121
1425_0,12,584,954,1123,3254,3782,2305,453
1429_0,11,130,246,179,1840,699,373,99
1430_0,11,131,308,346,1543,1354,761,55
1439_0,2,398,653,609,2117,2056,1337,309
1440_0,11,294,528,606,1865,1973,1276,191
1444_0,0,213,280,179,121,105,84,187
1446_0,11,97,200,184,841,712,409,60
1447_0,17,457,684,744,2321,2431,1515,404
1448_0,18,245,422,422,1951,1451,930,197
1450_0,2,392,786,669,3614,1859,1179,305
1451_0,2,543,859,924,2187,2458,1739,432
1453_0,12,260,481,387,1803,1594,957,192
1454_0,9,141,282,180,2559,964,374,101
1456_0,2,432,540,703,1614,2042,1311,371
1457_0,12,388,710,572,2542,2014,1113,316
1458_0,11,276,458,451,1355,1414,884,252
1460_0,0,567,682,448,76,20,12,486
1463_0,9,79,234,209,1538,838,423,8
1466_0,12,495,794,868,2026,2060,1437,372
1467_0,8,317,435,417,1840,1603,929,277
1468_0,17,461,683,829,1211,2083,1867,363
1470_0,12,419,699,807,2091,2949,1972,292
1471_0,8,70,147,78,1244,410,171,37
1473_0,0,237,207,83,37,27,16,249
1474_0,0,504,625,383,62,19,13,424
1475_0,9,67,107,81,674,348,166,39
1476_0,0,401,422,267,206,106,62,355
1482_0,17,182,368,253,2422,1173,513,176
1483_0,17,259,605,492,2290,1272,682,162
1489_0,17,368,684,468,3549,2060,1123,349
1492_0,0,290,323,224,123,54,31,302
1493_0,12,446,695,640,2231,2516,1564,374
1497_0,11,403,627,654,2055,2044,1239,286
1502_0,9,156,261,220,1414,988,501,126
1504_0,4,774,1202,1319,1698,1417,1064,630
1505_0,12,488,743,712,2268,3334,2159,414
1511_0,17,338,599,438,3034,1740,869,314
1512_0,17,361,736,716,2810,1708,952,160
1515_0,0,582,763,633,114,21,10,468
1517_0,12,420,802,743,2982,2691,1497,304
1522_0,17,313,520,537,2065,1650,957,282
1525_0,9,217,396,365,2369,1589,795,149
1526_0,0,567,758,596,122,34,25,462
1531_0,12,464,627,648,1644,2011,1329,408
1534_0,4,607,993,1116,2372,2033,1532,427
1536_0,17,638,821,998,1533,2325,2172,544
1537_0,0,161,255,180,222,154,122,125
1538_0,0,363,246,106,37,22,11,378
1540_0,5,2239,2754,2926,3072,2590,1534,2034
1541_0,8,16,100,76,1115,298,123,-23
1542_0,7,222,355,247,2689,1310,556,209
1543_0,8,196,362,281,2938,1200,511,136
1544_0,2,213,303,199,2053,1088,535,174
1546_0,2,489,805,702,2495,1810,1199,368
1547_0,17,295,569,365,3609,1618,819,257
1549_0,12,688,1070,1230,2677,3377,2163,520
1556_0,12,337,565,457,2060,1809,1084,295
1558_0,0,360,348,155,44,20,10,355
1559_0,9,145,231,173,1496,820,361,84
1562_0,12,474,798,696,2985,2317,1272,364
1563_0,4,276,383,394,1286,817,601,163
1564_0,9,361,523,482,1744,1763,991,308
1565_0,8,249,464,371,3394,1792,792,189
1566_0,0,555,677,637,477,85,55,461
1567_0,17,295,527,454,2485,1468,917,251
1572_0,17,592,816,1059,1655,2642,2522,504
1574_0,17,710,861,1041,1607,2478,2089,632
1578_0,17,632,799,922,1398,2164,1755,548
1580_0,12,269,569,388,3073,1790,885,204
1587_0,12,354,532,547,1467,2033,1520,280
1590_0,8,38,101,61,1126,261,111,10
1591_0,9,67,171,131,1842,796,320,16
1597_0,2,295,437,413,2762,1179,613,246
1601_0,3,537,672,684,1766,1174,799,478
1603_0,17,305,382,439,719,1595,1394,275
1604_0,11,378,469,455,1278,1565,966,353
1607_0,2,51,147,83,1632,424,179,24
1609_0,17,338,813,731,2397,1814,1256,211
1611_0,0,533,641,407,69,24,15,442
1612_0,0,604,742,520,93,21,10,501
1614_0,19,389,585,624,638,800,513,329
1615_0,12,675,1006,1089,2672,4202,2719,555
1617_0,8,170,241,151,1260,483,211,157
1619_0,11,482,619,594,1782,2021,1402,441
1621_0,12,349,644,643,2635,2845,1855,258
1624_0,19,498,623,698,1293,1811,1314,436
1625_0,17,289,510,377,2694,1362,752,251
1631_0,9,156,280,256,1428,1059,577,84
1633_0,9,300,442,482,1015,1093,694,250
1635_0,12,377,493,595,1724,2354,1474,291
1637_0,2,419,589,607,2148,2237,1463,351
1638_0,11,229,424,490,1616,1853,1209,169
1640_0,12,510,866,851,3296,2821,1812,431
1641_0,17,279,424,514,1421,1441,1004,230
1643_0,17,238,306,346,556,1170,990,217
1644_0,12,431,737,801,2838,2983,1788,303
1645_0,11,827,1267,1369,2569,2663,1905,602
1646_0,4,283,538,528,2150,1543,868,206
1647_0,11,142,283,343,1282,1670,1064,65
1651_0,8,68,303,186,4082,1125,402,8
1657_0,12,333,674,556,2766,2416,1531,255
1658_0,0,437,595,407,74,27,13,344
1659_0,0,388,361,137,47,18,12,354
1664_0,4,554,873,920,1465,1473,1241,394
1666_0,17,401,675,537,2270,1654,1076,367
1668_0,0,630,838,935,671,41,30,519
1669_0,5,573,776,773,1239,1124,961,447
1670_0,0,217,167,75,40,24,14,239
1674_0,11,395,564,598,1761,2217,1362,285
1675_0,19,296,481,504,531,637,413,214
1677_0,0,249,198,89,38,21,14,272
1678_0,8,68,104,67,372,203,114,52
1680_0,12,290,578,394,2490,1949,1123,234
1681_0,17,488,707,902,1546,2144,1656,362
1684_0,17,418,618,801,1237,2072,1792,360
1686_0,8,100,154,99,930,418,191,79
1688_0,4,582,541,498,649,578,469,560
1690_0,17,271,378,338,1504,929,569,227
1692_0,17,310,535,528,2161,1611,888,230
1693_0,19,314,452,456,1468,1521,990,274
1694_0,17,370,576,535,1992,1606,1053,327
1695_0,11,303,431,417,1819,1623,937,238
1696_0,12,451,700,789,2136,2473,1720,345
1702_0,0,325,365,204,55,21,13,281
1704_0,11,170,327,303,1331,1417,828,107
1707_0,11,184,347,410,1313,1987,1292,97
1710_0,12,255,411,509,1116,1912,1547,201
1712_0,12,428,608,610,1837,2354,1445,363
1713_0,8,97,253,189,2229,956,404,59
1714_0,17,329,431,504,716,1131,984,266
1715_0,8,66,59,30,285,53,23,48
1717_0,2,186,317,285,1688,881,455,123
1719_0,11,431,786,920,2277,3224,2002,310
1720_0,12,302,347,397,1205,1159,768,302
1722_0,9,145,260,171,1770,782,347,114
1723_0,17,528,782,945,1481,2086,1731,461
1724_0,4,570,802,734,2465,1910,1262,469
1730_0,0,478,598,392,68,17,14,385
1731_0,17,297,481,529,1670,1761,1008,233
1732_0,11,359,659,388,2938,1896,986,339
1735_0,8,49,130,85,1176,413,159,16
1736_0,11,108,271,320,1249,1290,765,22
1742_0,12,450,649,641,1853,2381,1556,385
1744_0,3,474,733,750,1711,1426,1013,407
1745_0,8,125,267,256,1384,1204,662,32
1747_0,9,136,305,224,2205,961,432,87
1748_0,12,498,706,885,1604,2865,2249,408
1749_0,17,510,799,918,1698,2143,1806,466
1751_0,11,180,365,386,1562,1403,838,114
1754_0,17,692,901,995,1942,2214,1941,614
1755_0,12,866,1205,1538,2379,3297,2748,730
1756_0,0,201,143,74,37,26,17,207
1764_0,11,148,343,393,1535,1640,1042,76
1765_0,17,249,588,407,3187,1676,853,224
1767_0,17,583,833,911,2277,2228,1621,515
1768_0,17,463,671,705,2574,2299,1491,398
1771_0,11,161,382,488,2088,2184,1331,59
1772_0,8,123,238,158,2530,701,282,93
1773_0,0,221,184,84,41,28,19,229
1776_0,4,390,492,594,1772,1324,1015,388
1777_0,17,367,513,503,1593,1583,1030,314
1783_0,11,248,388,336,1892,1366,752,216
1785_0,12,364,538,418,2020,1815,967,327
1787_0,8,114,185,113,1593,576,232,73
1789_0,0,256,196,93,57,30,26,261
1792_0,0,231,172,84,38,17,12,246
1793_0,19,399,509,601,1593,1749,1258,358
1796_0,17,594,794,960,1360,1938,1615,527
1799_0,0,273,273,120,69,57,40,246
1801_0,17,256,422,384,2080,1543,844,241
1802_0,9,77,120,96,607,413,220,63
1803_0,17,470,593,658,1154,1828,1613,420
1806_0,2,304,467,428,1960,1119,658,227
1808_0,12,475,866,838,3042,3200,2033,377
1809_0,0,635,810,734,169,26,17,531
1810_0,12,288,697,375,3963,1699,812,256
1811_0,12,486,845,690,3087,2592,1457,423
1812_0,9,108,174,167,422,546,354,72
1813_0,17,421,503,556,758,1184,932,365
1814_0,9,211,410,340,2393,1327,654,158
1815_0,0,310,282,121,35,18,14,315
1819_0,0,532,472,184,51,25,13,481
1823_0,3,582,734,847,2175,2133,1434,484
1825_0,0,532,630,397,59,16,11,452
1826_0,12,607,963,1081,1670,2138,1534,463
1834_0,17,611,887,944,1088,1575,1621,495
1837_0,0,587,756,612,110,20,6,479
1838_0,12,99,134,75,313,189,114,66
1839_0,11,368,558,615,1681,1814,1233,267
1840_0,8,314,472,452,2144,1906,992,253
1841_0,0,338,411,298,113,48,21,332
1844_0,17,544,803,818,2490,2206,1479,472
1846_0,11,441,563,525,1982,2139,1251,412
1847_0,19,537,713,781,2062,2312,1420,468
1848_0,17,303,328,357,578,1284,1146,283
1849_0,0,280,184,96,54,35,25,324
1851_0,0,541,682,468,77,18,10,432
1853_0,17,571,762,861,1254,2049,1940,465
1857_0,17,418,679,799,1728,2016,1490,305
1860_0,4,718,880,917,1889,1516,1143,627
1861_0,12,380,706,546,2484,1974,1111,324
1863_0,9,68,167,163,970,526,283,30
1864_0,0,264,173,90,44,29,21,317
1865_0,11,289,524,586,1933,2054,1298,191
1869_0,19,438,503,606,1367,1644,1250,390
1870_0,11,353,586,542,1898,2024,1301,291
1872_0,11,448,608,647,1850,2527,1589,373
1875_0,11,532,792,798,2460,3401,2057,467
1879_0,3,366,456,465,1704,1466,1077,313
1882_0,17,393,574,687,1195,1519,1280,351
1884_0,0,237,216,89,42,29,15,228
1885_0,5,1253,1452,1525,1673,1799,1607,1061
1891_0,9,182,372,289,2965,1479,661,133
1892_0,12,307,618,463,2793,2158,1126,231
1894_0,4,506,707,796,1407,1335,1060,381
1895_0,0,407,373,155,69,28,13,387
1898_0,12,405,809,738,3434,1935,1125,321
1902_0,0,362,351,136,41,26,13,345
1903_0,12,356,665,462,2888,2016,1077,298
1904_0,17,283,457,575,1235,1119,899,189
1908_0,0,86,189,137,1059,406,203,54
1909_0,4,277,534,593,1064,1056,883,123
1912_0,0,236,211,101,35,14,15,249
1913_0,17,284,535,373,3066,1983,1005,249
1914_0,17,380,664,729,1918,1843,1360,299
1916_0,8,38,120,76,1477,572,253,-19
1917_0,9,123,233,214,955,668,397,72
1920_0,0,330,427,294,103,40,22,286
1921_0,4,505,675,737,1402,1153,1008,467
1923_0,17,370,555,550,1974,1476,954,305
1926_0,11,484,841,995,2379,2812,1750,306
1927_0,0,445,552,311,54,14,9,364
1928_0,4,650,756,828,1111,1385,1229,586
1931_0,11,437,659,675,2145,2533,1512,388
1933_0,17,580,858,870,2047,1860,1345,464
1934_0,11,241,579,331,3353,1488,685,195
1935_0,8,54,94,60,904,215,88,44
1936_0,12,345,704,603,2448,2613,1616,244
1937_0,9,278,402,332,2230,1429,696,240
1940_0,9,166,286,254,964,824,507,129
1941_0,12,641,886,942,2326,3785,2432,559
1942_0,11,257,461,557,1599,1700,1028,145
1943_0,0,154,237,148,139,166,150,124
1946_0,4,470,676,793,1789,1255,1012,340
1947_0,17,184,378,317,2535,1296,750,174
1949_0,12,269,414,295,2735,1207,608,253
1950_0,17,532,949,1021,2380,2259,1540,343
1953_0,0,538,738,688,164,20,16,434
1954_0,12,395,587,470,2052,2073,1357,380
1956_0,11,262,383,402,1520,1914,1103,205
1957_0,17,547,854,797,3708,2599,1552,472
1961_0,17,465,679,934,1569,2820,2636,372
1965_0,3,355,421,424,1598,1149,791,303
1969_0,0,477,507,231,55,29,18,424
1971_0,0,446,322,124,57,28,19,437
1973_0,2,247,530,462,2801,1901,1147,109
1975_0,11,223,301,258,908,976,614,216
1976_0,4,455,811,983,1643,1639,1392,255
1977_0,5,3484,3589,3665,4180,2871,1809,3152
1979_0,0,400,366,128,43,29,16,348
1980_0,19,360,562,430,3139,1908,936,344
1984_0,17,714,952,1096,1577,2391,2090,601
1985_0,17,363,548,556,2006,1823,1135,337
1987_0,0,195,142,73,42,29,16,213
1988_0,17,268,498,440,2458,1811,986,238
1989_0,11,492,953,1045,3085,3162,1819,307
1990_0,11,501,699,714,2352,2547,1478,403
1991_0,17,381,753,462,4391,1971,953,363
1993_0,17,256,352,353,2056,1219,645,232
1994_0,8,208,317,290,2199,1060,531,147
1996_0,8,120,179,136,1062,471,241,72
2001_0,11,442,861,880,2989,3324,2113,310
2003_0,11,400,593,564,2118,2237,1376,335
2004_0,0,438,508,256,25,31,17,349
2007_0,12,443,579,598,1292,2195,1483,371
2009_0,4,468,675,740,1245,1153,993,359
2010_0,0,500,557,296,58,26,15,445
2011_0,11,177,337,270,1228,1206,662,112
2012_0,7,233,378,267,3203,1403,604,206
2013_0,12,536,905,969,3029,3593,2266,436
2014_0,11,418,682,842,1899,3325,2258,308
2015_0,12,451,809,701,3506,2572,1482,360
2017_0,9,67,152,115,1014,487,221,43
2020_0,0,479,514,259,58,24,15,429
2024_0,4,184,650,682,2317,1577,1148,-6
2026_0,17,226,416,340,2149,1492,739,204
2028_0,8,538,832,929,2859,3213,1830,429
2029_0,12,591,1042,1175,2680,2751,1703,356
2030_0,11,417,574,541,1394,1920,1366,379
2031_0,8,1,61,29,821,260,114,-40
2032_0,9,278,532,519,2028,2503,1485,186
2034_0,0,216,187,98,31,20,9,233
2039_0,18,306,412,387,2029,1425,743,298
2040_0,11,396,747,862,2431,2844,1751,271
2042_0,8,79,126,62,613,257,148,33
2043_0,3,524,740,820,1637,1758,1350,439
2044_0,11,449,651,658,1825,2297,1466,399
2045_0,12,312,466,515,1118,1789,1320,239
2048_0,5,511,765,813,1495,1215,1032,399
2049_0,11,399,666,770,1441,1595,1051,240
2050_0,17,434,695,595,2565,2694,1680,398
2054_0,0,455,476,216,64,32,21,411
2055_0,12,406,544,502,1393,1685,1162,355
2056_0,11,260,495,570,1543,2133,1318,167
2058_0,19,346,407,477,1027,1568,1106,313
2061_0,2,453,758,672,2562,1985,1391,328
2064_0,0,565,718,482,93,31,27,442
2065_0,4,763,968,1037,1630,1497,1300,659
2066_0,9,211,408,434,1382,1562,1028,131
2067_0,8,210,356,256,1829,1182,611,161
2069_0,0,570,722,578,107,20,9,462
2071_0,17,592,971,1017,2851,2573,1757,469
2073_0,19,488,649,768,1694,2030,1227,422
2074_0,12,400,708,630,2147,2004,1243,309
2075_0,0,449,612,433,90,27,18,358
2077_0,0,284,182,97,51,36,24,337
2081_0,11,238,353,412,1218,1462,940,156
2083_0,8,-8,46,41,526,256,111,-27
2084_0,9,129,238,194,1530,935,427,91
2087_0,11,401,614,466,2734,2145,1188,379
2089_0,4,429,599,664,1577,1531,1080,349
2092_0,5,1120,1348,1454,1588,1782,1579,978
2096_0,11,295,541,406,1959,1557,867,243
2097_0,17,421,614,734,1450,1872,1389,359
2099_0,11,291,488,470,2535,1838,948,230
2100_0,12,407,778,744,3006,2464,1371,300
2102_0,0,704,877,942,859,29,18,616
2111_0,4,365,653,707,1889,1385,1010,215
2112_0,17,268,386,503,910,1807,1620,227
2115_0,11,285,419,454,1703,2010,1175,209
2117_0,0,483,410,144,38,24,18,395
2118_0,12,306,556,322,2967,1284,694,295
2123_0,12,424,635,551,2096,2358,1491,390
2124_0,3,566,918,868,3003,2272,1531,471
2127_0,12,428,830,879,2918,2289,1413,300
2129_0,17,365,641,613,2453,1857,1186,320
2130_0,17,274,485,400,2336,1583,816,261
2133_0,17,383,487,529,839,916,770,337
2134_0,12,405,737,691,2631,2847,1769,325
2135_0,0,457,634,430,85,26,12,358
2136_0,11,399,707,554,2787,2040,1160,335
2137_0,8,185,302,242,1118,875,492,130
2139_0,0,445,445,189,48,22,12,411
2142_0,17,446,568,683,1013,1534,1331,390
2149_0,4,764,958,1037,1764,1391,973,672
2151_0,5,807,840,866,991,1194,1199,782
2153_0,17,744,1164,1485,2046,2934,2473,600
2155_0,17,319,386,379,1305,1477,1164,301
2159_0,0,609,772,642,129,22,19,506
2161_0,16,405,527,621,1042,1861,1623,368
2163_0,4,499,742,787,1578,1254,995,333
2164_0,17,776,912,1034,1404,2096,1848,687
2166_0,4,881,1227,1341,2569,2271,1498,694
2168_0,0,241,340,153,88,76,49,183
2169_0,17,451,584,715,1057,1374,1138,397
2171_0,12,467,881,972,2649,2813,1865,336
2172_0,17,175,287,200,2016,777,395,119
2175_0,12,302,684,438,3464,2036,994,231
2176_0,12,608,666,710,971,1414,1271,567
2179_0,8,94,181,181,795,602,337,32
2180_0,2,454,734,737,1923,1877,1175,339
2182_0,9,55,99,61,367,170,89,41
2183_0,17,355,607,627,1930,1992,1408,312
2184_0,11,103,268,251,1891,1126,565,50
2189_0,17,653,894,1089,2059,2123,1598,559
2192_0,2,255,421,403,1704,1374,855,150
2193_0,3,299,422,415,1768,799,533,245
2194_0,9,245,400,335,1848,1404,736,191
2198_0,0,449,456,208,48,20,12,407
2201_0,4,739,1024,1100,2139,1880,1381,630
2206_0,5,1223,1576,1648,1896,2064,1917,956
2208_0,0,544,720,562,94,18,10,424
2209_0,11,373,527,509,2184,2072,1141,310
2210_0,9,135,231,218,726,758,498,102
2211_0,0,488,497,235,56,20,14,435
2212_0,17,996,1556,1852,2311,3059,2831,724
2213_0,11,136,297,360,1411,1591,988,51
2214_0,17,269,496,337,2233,1357,699,253
2215_0,9,91,219,214,1060,774,449,9
2217_0,4,338,513,511,1053,956,800,228
2222_0,0,281,224,93,36,21,12,282
2223_0,9,138,296,248,1255,1173,657,113
2224_0,12,365,709,630,2824,3017,1775,270
2226_0,4,841,1176,1209,1865,1654,1379,627
2227_0,4,669,855,970,1800,1588,1222,551
2228_0,12,440,720,603,2327,2794,1838,393
2229_0,17,401,545,510,1750,1855,1289,378
2230_0,4,479,737,764,1716,1295,953,393
2231_0,12,332,565,471,1948,1928,1143,272
2233_0,17,621,920,899,1895,1946,1598,558
2236_0,0,515,690,652,257,85,48,422
2238_0,11,267,503,571,1577,2337,1678,157
2239_0,11,391,656,597,1894,2362,1626,318
2242_0,0,270,396,255,97,30,21,226
2243_0,2,445,578,531,2333,1344,833,407
2244_0,11,109,184,174,618,627,367,61
2250_0,12,382,716,680,2931,2850,1644,294
2251_0,17,243,405,312,2513,1284,640,225
2254_0,3,284,539,544,1899,1442,962,191
2259_0,17,272,345,402,650,1473,1323,249
2263_0,9,263,427,406,1361,1574,922,211
2264_0,17,309,618,488,2522,1693,1002,293
2265_0,17,348,537,514,1528,1594,1074,323
2268_0,17,356,517,514,2074,1758,1116,336
2269_0,11,282,574,621,2922,2322,1319,166
2272_0,17,379,615,659,2096,1630,1157,287
2275_0,17,361,656,629,2207,1525,903,244
2276_0,9,241,325,298,1232,1213,671,195
2278_0,12,455,684,604,2433,2771,1635,375
2279_0,4,339,606,657,1632,1038,820,229
2280_0,11,390,631,685,2021,2717,1867,294
2281_0,12,478,845,948,2918,3413,2122,324
2283_0,8,58,184,150,1637,730,359,18
2286_0,9,201,379,370,1545,1298,750,129
2287_0,12,309,513,372,2170,1833,1000,290
2289_0,0,433,569,520,407,526,495,399
2291_0,12,302,520,506,1629,1977,1282,221
2292_0,2,161,360,352,1935,1215,710,46
2293_0,8,80,214,144,2459,653,245,30
2294_0,4,747,922,990,1633,1685,1411,666
2298_0,0,251,178,81,57,32,22,274
2301_0,2,387,658,458,4216,2166,1079,383
2302_0,17,474,772,1062,1592,2577,2195,379
2306_0,11,317,486,510,1169,2091,1705,267
2307_0,2,241,558,340,2756,1553,797,201
2309_0,9,212,361,259,2767,1184,512,175
2310_0,0,387,340,163,63,34,19,378
2311_0,4,818,1008,1078,1854,1477,1233,715
2312_0,9,410,773,924,2513,3034,1796,274
2313_0,17,704,945,1040,1854,2050,1601,606
2316_0,11,79,252,204,2128,1054,500,33
2318_0,8,96,260,169,2654,711,287,51
2319_0,12,503,887,839,2920,2302,1445,391
2320_0,17,243,634,438,3142,1491,690,190
2321_0,17,258,488,426,2373,1569,895,216
2324_0,0,511,497,199,41,17,13,411
2326_0,2,237,595,538,2364,1784,1079,129
2328_0,12,473,736,683,2403,3124,1960,427
2331_0,2,555,914,940,1942,2242,1637,426
2332_0,9,283,528,498,1901,2015,1257,211
2333_0,5,826,1076,1187,1516,1355,1134,672
2338_0,17,254,356,428,653,1145,1029,198
2339_0,0,252,184,91,52,31,21,259
2340_0,8,111,321,238,3162,907,368,49
2341_0,19,581,804,813,2188,2714,1796,518
2342_0,17,498,769,964,1378,2083,1755,404
2343_0,2,430,694,721,2020,2203,1386,320
2345_0,0,284,263,111,59,37,26,279
2347_0,0,251,193,85,43,22,19,271
2349_0,12,508,867,875,2581,2745,2102,349
2353_0,12,606,1013,1170,2735,3645,2353,472
2355_0,3,385,477,486,1518,1025,702,348
2357_0,12,375,686,410,3320,1751,908,352
2358_0,0,225,218,89,42,30,19,233
2359_0,3,605,875,966,2343,1884,1469,516
2363_0,17,500,671,708,1805,1817,1344,444
2364_0,12,522,937,827,3272,3569,2215,434
2366_0,9,137,254,194,1502,801,358,109
2367_0,17,254,436,379,2184,1357,747,198
2369_0,3,330,434,382,1453,661,426,255
2371_0,9,86,249,215,1433,913,484,20
2372_0,11,210,419,381,1464,1691,964,137
2375_0,17,450,690,637,3012,2342,1504,409
2381_0,12,312,617,669,1956,1766,1166,216
2382_0,17,739,1049,1252,3003,3218,2549,630
2383_0,0,434,429,176,49,18,14,399
2384_0,11,78,246,237,1750,1213,652,13
2387_0,17,430,557,659,1033,1538,1302,401
2392_0,0,187,143,77,37,29,17,210
2393_0,9,406,555,593,1465,2145,1575,325
2398_0,11,279,512,540,1878,2326,1433,185
2403_0,0,229,226,104,51,33,26,225
2404_0,8,139,282,175,2650,887,379,86
2409_0,11,477,723,723,2026,2484,1648,398
2412_0,19,500,671,829,1692,2652,1760,398
2413_0,12,419,635,683,1587,2611,1869,361
2416_0,0,231,184,79,42,22,11,232
2419_0,2,564,677,754,1419,1816,1561,508
2420_0,11,707,1230,1506,3290,3630,2228,421
2422_0,18,317,486,399,2456,1472,758,300
2425_0,17,347,615,595,2670,1808,1115,258
2427_0,9,91,153,121,898,489,221,65
2429_0,11,362,643,448,2307,1752,969,332
2431_0,12,387,666,595,2753,1887,1077,344
2433_0,7,238,418,293,2757,1600,741,202
2435_0,19,426,556,548,800,630,435,368
2436_0,12,460,850,758,3590,2993,1635,327
2437_0,12,306,628,416,2751,1844,964,238
2439_0,12,312,395,295,853,1044,641,319
2442_0,2,609,823,1028,1628,2570,2176,510
2446_0,3,564,863,906,1685,1527,1225,438
2447_0,3,440,566,522,2347,1184,735,379
2448_0,12,442,767,676,2715,2842,1744,338
2450_0,19,491,661,550,1988,1078,667,440
2452_0,9,206,446,430,2964,1930,981,117
2454_0,0,505,410,151,49,18,15,458
2456_0,9,303,467,534,1681,2172,1415,229
2460_0,16,335,624,307,4477,1653,740,310
2463_0,9,253,442,444,1500,1697,1086,162
2466_0,17,398,634,701,1630,1917,1277,318
2467_0,5,856,1001,1082,1422,1466,1247,768
2468_0,17,528,858,1129,1670,2603,2237,430
2469_0,11,271,481,497,1697,1872,1123,186
2470_0,11,102,238,256,1094,1134,714,38
2475_0,0,442,472,224,127,90,62,384
2478_0,9,242,301,319,816,1097,705,218
2480_0,17,565,851,1089,1557,2485,2136,475
2481_0,8,115,267,164,3126,769,290,59
2485_0,4,364,680,728,1722,1430,1118,265
2487_0,17,363,497,596,988,1240,980,287
2491_0,4,411,559,618,1515,963,761,326
2492_0,19,1017,1309,1516,2048,1973,894,832
2494_0,19,416,526,397,78,26,14,342
2495_0,4,1154,1566,1681,2211,2287,1799,943
2496_0,12,361,705,703,2503,2292,1354,243
2498_0,11,364,635,739,1955,2537,1555,250
2499_0,11,686,1032,1210,1870,2106,1817,536
2502_0,18,231,390,327,1862,1314,706,165
2505_0,17,311,498,446,2692,1751,981,239
2506_0,17,266,434,404,2050,1342,848,247
2507_0,4,807,901,935,1693,1337,985,701
2508_0,5,659,853,925,1501,1468,1210,581
2512_0,4,773,978,1025,1456,1267,1036,668
2514_0,11,325,415,389,1128,1358,869,306
2515_0,11,389,539,501,1646,1943,1286,341
2517_0,17,296,455,411,1547,1361,850,248
2518_0,12,374,684,730,2181,2884,1758,264
2520_0,0,229,209,85,43,28,14,226
2521_0,3,471,572,699,1172,1622,1438,397
2523_0,4,420,601,504,604,674,516,291
2528_0,11,367,661,727,1953,2126,1330,263
2539_0,9,185,371,365,1534,1388,865,103
2542_0,0,442,544,336,55,16,12,348
2544_0,17,329,390,410,865,1423,1142,306
2548_0,3,717,1256,1468,2377,2581,2046,608
2554_0,11,216,312,348,829,1379,953,184
2556_0,11,307,554,427,2673,2247,1284,229
2557_0,11,196,489,362,3143,2041,1073,132
2558_0,12,312,613,314,4398,1729,776,309
2560_0,4,308,398,415,1578,1308,858,276
2561_0,11,291,391,381,1521,1546,996,231
2562_0,17,352,638,581,2577,2014,1187,320
2565_0,0,272,308,201,121,50,29,269
2568_0,17,334,558,363,4554,1784,771,323
2569_0,2,367,692,440,3647,1768,933,340
2570_0,0,490,595,328,54,17,10,402
2571_0,4,493,775,879,1617,1340,1114,336
2578_0,9,95,240,140,2198,802,316,47
2579_0,12,585,923,912,2770,3490,2274,487
2580_0,17,422,656,699,2540,2159,1285,390
2584_0,8,178,322,208,3021,1005,421,144
2585_0,17,372,539,528,1688,1656,1108,349
2587_0,2,342,557,538,2499,1761,1100,307
2589_0,9,355,612,649,2113,1401,976,290
2590_0,17,466,556,636,968,1471,1267,434
2591_0,17,433,769,612,2547,2128,1343,376
2593_0,19,467,649,722,830,308,145,379
2596_0,12,477,686,676,2077,2217,1383,408
2597_0,9,215,438,468,2481,1771,945,138
2598_0,12,262,529,489,1999,1918,1118,163
2599_0,11,277,589,410,3038,1731,888,210
2603_0,12,490,797,674,2937,2618,1587,423
2604_0,3,667,918,971,1975,1739,1283,538
2606_0,0,200,171,77,35,22,17,218
2609_0,0,280,177,101,49,31,18,312
2610_0,11,294,478,435,1575,1906,1192,254
2611_0,4,557,898,993,1728,1750,1478,351
2612_0,17,301,490,453,2099,1328,836,247
2613_0,0,281,179,99,49,32,23,315
2614_0,0,345,716,409,97,24,15,288
2615_0,11,233,532,577,1782,1937,1234,149
2616_0,5,1219,1454,1489,1423,1944,1814,1133
2618_0,0,528,559,240,47,20,13,444
2623_0,0,272,181,91,44,29,22,322
2627_0,2,203,336,276,1668,954,476,159
2629_0,0,223,178,71,34,18,16,207
2630_0,4,414,511,577,1690,973,667,349
2631_0,17,321,318,346,506,1220,1357,318
2634_0,4,801,999,1050,1757,1655,1366,666
2636_0,2,310,534,517,2253,2407,1608,239
2637_0,11,253,523,378,2387,2086,1174,215
2641_0,12,358,681,654,2192,2497,1591,252
2645_0,17,513,771,976,1456,2313,1973,438
2646_0,12,438,749,833,2531,3226,1993,334
2647_0,8,17,54,31,767,173,71,-22
2648_0,12,498,709,769,2387,2418,1551,416
2649_0,8,127,193,112,1393,502,185,120
2650_0,12,489,788,873,2451,3286,2127,397
2651_0,12,486,847,849,2675,3214,1905,365
2653_0,12,226,317,380,880,1233,898,129
2657_0,11,201,333,255,2806,1097,507,163
2658_0,8,78,81,49,295,105,51,79
2660_0,4,750,1070,1101,1743,1642,1330,607
2661_0,0,371,273,115,43,26,16,379
2662_0,3,1005,1169,1194,1054,1089,862,871
2664_0,17,435,720,1085,1631,2100,1929,342
2665_0,4,105,390,359,1766,1068,680,-46
2666_0,2,225,363,306,1913,1177,664,201
2667_0,8,62,121,78,1106,358,152,45
2668_0,2,145,314,230,2431,1134,521,90
2669_0,11,532,795,775,2635,3269,2053,463
2670_0,2,178,292,262,1722,1053,562,114
2673_0,0,536,702,663,485,365,259,454
2674_0,2,274,483,486,1770,1356,867,215
2678_0,12,440,839,692,2995,2894,1727,351
2680_0,9,129,249,180,1662,681,320,109
2683_0,2,295,507,445,1897,1687,1017,248
2686_0,0,257,192,96,53,31,19,268
2687_0,3,975,1214,1280,1917,2498,1957,893
2688_0,17,337,381,428,632,1090,971,311
2690_0,12,685,1088,1426,2690,3717,2549,483
2696_0,8,95,193,110,1703,458,176,60
2697_0,12,484,780,790,2496,2569,1673,393
2701_0,4,516,816,870,1014,1092,1068,339
2707_0,5,473,594,586,974,1050,901,392
2709_0,0,475,592,425,76,19,15,368
2710_0,0,453,578,465,113,20,17,365
2712_0,17,376,597,726,1691,1876,1367,322
2713_0,0,257,222,101,63,47,30,242
2715_0,8,86,208,206,1379,974,525,37
2716_0,11,353,638,733,1514,1685,1060,221
2718_0,16,420,696,645,2401,2256,1350,387
2721_0,12,472,706,627,2104,2458,1541,431
2723_0,0,90,103,59,197,94,48,72
2724_0,16,221,497,418,2859,1564,865,135
2725_0,12,291,679,400,3465,1859,909,226
2726_0,9,334,638,816,2370,2466,1434,205
2729_0,17,291,646,316,4247,1569,688,279
2731_0,12,410,669,703,1857,2409,1642,323
2733_0,5,850,1188,1342,1500,1506,1331,709
2738_0,19,261,306,278,672,601,342,267
2745_0,0,574,640,433,134,50,35,481
2746_0,11,410,672,469,2820,2052,1175,379
2751_0,12,465,820,690,2891,2589,1497,391
2756_0,17,750,1209,1381,2804,2673,2122,621
2758_0,8,294,409,391,1838,1242,724,249
2762_0,9,222,398,345,1194,1265,812,170
2769_0,11,231,373,344,2182,1430,777,189
2770_0,17,255,639,420,3382,1587,765,179
2772_0,12,424,810,789,3072,3323,2051,315
2773_0,0,288,401,355,1274,853,505,275
2774_0,12,384,674,513,2627,2330,1461,328
2775_0,8,75,158,140,857,612,299,25
2776_0,11,440,608,670,1770,2384,1625,358
2778_0,3,222,406,396,1463,827,542,148
2780_0,4,362,600,662,1589,1117,839,253
2784_0,17,624,928,1119,2134,2581,2247,522
2786_0,0,278,172,97,52,32,24,317
2790_0,12,393,711,386,3311,1998,1045,381
2791_0,11,177,303,314,1330,1181,770,110
2792_0,0,495,487,183,52,26,19,404
2793_0,9,339,554,524,1549,1902,1289,282
2795_0,17,392,567,608,2088,1983,1267,343
2796_0,17,490,664,747,1467,2061,1684,430
2797_0,5,1069,1203,1208,1362,1313,1034,985
2798_0,11,423,783,874,2560,2741,1514,244
2799_0,12,408,770,774,2424,2508,1477,257
2801_0,11,47,107,116,481,417,278,12
2804_0,17,383,532,573,1476,1557,1124,329
2811_0,9,57,192,108,1551,650,293,21
2813_0,8,136,225,152,1289,583,293,95
2815_0,5,936,1279,1388,1601,2326,2084,760
2817_0,8,-9,98,86,786,461,228,-87
2818_0,11,374,677,714,2444,3052,1788,238
2820_0,19,357,496,555,1314,1365,841,314
2821_0,9,103,252,193,1828,834,387,70
2823_0,0,231,182,83,51,38,31,220
2825_0,17,492,748,798,1944,2133,1628,431
2829_0,0,207,143,74,41,34,19,230
2830_0,19,363,627,653,1094,920,498,248
2831_0,11,204,426,522,1670,1983,1280,142
2834_0,0,529,568,243,62,27,18,431
2836_0,3,334,505,477,2022,1234,852,278
2838_0,17,213,318,428,715,1521,1159,159
2839_0,12,418,729,826,2124,1746,1306,305
2840_0,19,1185,1735,1966,2201,225,157,896
2841_0,12,535,700,695,2377,2382,1695,481
2848_0,4,309,311,260,828,641,482,305
2850_0,12,212,381,337,1491,1309,698,150
2851_0,9,174,287,250,1055,899,571,141
2852_0,9,236,400,364,2045,1561,855,167
2857_0,0,625,803,710,148,18,9,540
2861_0,9,9,154,127,1449,572,257,-65
2862_0,2,517,697,627,2063,1803,1178,488
2863_0,4,823,1014,1092,1683,1482,1203,727
2866_0,11,446,670,758,1531,1730,1263,331
2867_0,0,315,262,148,78,69,51,338
2868_0,11,2115,2513,2605,2451,828,500,1787
2869_0,2,344,697,690,1888,1432,989,259
2870_0,9,-20,60,51,612,263,130,-71
2872_0,11,312,568,386,2523,1778,923,277
2875_0,9,189,318,285,1508,1107,607,117
2876_0,0,477,517,195,41,25,15,395
2878_0,11,231,358,349,964,1319,939,192
2879_0,9,108,229,155,1788,885,399,78
2880_0,5,581,885,1121,1488,1385,1245,327
2881_0,3,335,563,586,1354,1175,823,242
2882_0,11,407,580,559,2320,2213,1266,369
2889_0,0,500,563,279,53,24,14,431
2890_0,5,1008,1266,1395,1654,2103,1870,861
2891_0,3,507,626,654,1418,1109,863,447
2893_0,4,682,950,909,2062,2090,1477,607
2895_0,3,317,522,510,2149,1613,988,245
2896_0,9,251,456,470,1669,1562,956,169
2898_0,8,251,410,443,1322,1570,939,149
2899_0,0,499,651,480,71,21,9,382
2902_0,5,2155,2493,2599,2515,3930,4074,1925
2904_0,11,397,682,627,2195,2862,1838,307
2906_0,2,430,636,709,1991,1315,825,378
2907_0,12,411,730,572,3034,2445,1317,369
2908_0,16,646,717,698,834,1029,848,593
2910_0,9,119,276,232,1043,923,507,96
2913_0,0,427,657,852,1409,1818,1292,364
2915_0,17,299,472,423,1793,1646,1021,274
2917_0,17,376,644,584,2834,2217,1271,282
2918_0,9,259,395,288,2252,1237,572,214
2919_0,9,353,690,766,2269,2355,1350,248
2921_0,18,197,310,262,1595,1030,538,161
2923_0,0,633,799,696,153,25,12,532
2924_0,4,890,1258,1408,2054,1908,1596,720
2929_0,12,296,676,403,3751,1741,850,251
2932_0,12,711,1161,1633,2640,3133,2619,581
2933_0,17,433,519,602,996,1685,1510,391
2937_0,3,446,557,567,1488,1337,898,412
2938_0,3,285,504,576,1480,1025,756,173
2942_0,0,470,543,281,57,20,12,394
2948_0,4,609,1017,1167,1930,1707,1443,423
2952_0,8,52,133,89,1427,425,187,4
2955_0,11,254,372,399,1556,1632,910,208
2957_0,17,410,594,604,1806,1847,1260,371
2958_0,9,287,477,420,1878,1460,794,229
2959_0,17,320,486,457,2320,1604,896,270
2963_0,11,343,454,533,1507,1859,1173,285
2967_0,12,320,646,340,3376,1834,935,314
2968_0,17,317,514,606,1607,1942,1428,236
2969_0,9,284,471,462,1633,1526,908,236
2972_0,9,217,372,287,3235,1291,535,155
2973_0,8,130,285,227,2489,1241,533,60
2975_0,17,447,631,818,1245,2186,1984,359
2979_0,3,411,623,732,1751,1233,901,357
2980_0,12,489,884,1016,3415,3466,2010,352
2981_0,0,237,216,89,42,24,18,242
2983_0,9,214,386,375,1226,1444,880,150
2984_0,0,459,549,420,121,40,29,379
2985_0,11,254,471,418,2168,1826,1063,172
2989_0,0,704,885,885,343,24,14,599
2991_0,4,455,669,639,2114,1400,883,421
2995_0,11,354,614,632,2401,2154,1301,230
2996_0,8,226,374,335,1947,1540,792,186
3000_0,12,771,1246,1372,3093,3750,2287,580
3002_0,12,361,725,423,4085,2401,1275,326
3003_0,4,843,1070,1162,1720,1575,1281,710
3009_0,0,225,168,75,40,27,19,230
3012_0,9,193,320,321,932,1085,687,125
3013_0,9,52,189,169,1151,675,360,-16
3015_0,4,614,905,1014,1664,1693,1384,550
3016_0,11,307,517,346,1874,1482,863,280
3017_0,9,142,295,248,2066,1023,506,98
3019_0,3,519,677,684,2038,2010,1373,431
3020_0,17,299,409,464,690,1226,1039,247
3023_0,11,417,640,640,1860,2635,1778,348
3025_0,11,20,120,83,1252,353,166,-24
3027_0,9,203,400,418,2214,1585,867,125
3028_0,12,314,682,330,4801,2043,965,278
3030_0,8,306,473,401,3037,1751,852,252
3034_0,17,231,608,261,4160,1447,610,231
3039_0,12,597,940,1158,2646,3530,2451,443
3040_0,9,233,492,557,1877,1857,1112,129
3042_0,12,411,746,620,2804,2368,1270,321
3043_0,0,212,169,76,38,24,14,225
3044_0,12,505,735,755,2648,2449,1443,405
3046_0,17,259,400,449,1567,1652,971,216
3047_0,12,491,827,671,2910,2572,1463,440
3048_0,17,469,627,695,1485,2258,1612,425
3052_0,8,133,256,204,1540,993,457,91
3053_0,0,705,875,938,741,28,12,609
3054_0,11,321,713,490,2998,2415,1337,255
3055_0,9,231,424,382,2041,1614,886,159
3058_0,11,331,517,434,1662,1763,1175,294
3059_0,17,474,720,672,3073,2413,1505,405
3068_0,12,440,769,783,2891,3426,2107,347
3069_0,17,345,607,432,3504,2067,1009,299
3070_0,17,300,446,449,2015,1482,908,271
3073_0,8,82,196,155,1318,751,387,33
3075_0,12,693,949,1165,1631,2253,1937,557
3079_0,3,752,787,780,2067,1333,968,608
3080_0,9,194,342,297,1968,1452,809,139
3088_0,11,8,54,53,244,273,136,-42
3094_0,9,371,556,531,2485,2370,1314,273
3096_0,11,463,569,542,2000,2264,1325,427
3100_0,12,379,581,647,1935,2467,1670,311
3103_0,4,475,589,628,1730,1335,978,414
3114_0,3,372,491,447,1981,1192,789,286
3116_0,17,485,659,851,1439,2158,2015,413
3117_0,11,245,382,443,1353,1414,922,163
3119_0,17,388,635,775,1274,2341,2122,279
3120_0,11,490,721,656,2315,2431,1482,440
3122_0,17,88,329,221,4125,676,280,-10
3123_0,9,134,297,232,2441,1261,539,95
3127_0,0,209,163,71,50,35,21,236
3130_0,17,388,446,505,759,1493,1538,368
3135_0,0,498,614,355,57,16,9,408
3136_0,17,612,941,869,2972,2699,1684,502
3137_0,17,522,795,888,1851,2230,1795,434
3138_0,17,340,659,757,3041,1970,1018,290
3140_0,17,380,526,569,829,1368,1214,314
3144_0,11,307,450,376,1652,1419,803,270
3145_0,17,354,531,534,2093,1909,1158,323
3146_0,12,377,728,801,2781,2963,2047,259
3148_0,11,352,645,751,2161,2593,1683,242
3149_0,17,251,486,346,2922,1532,714,227
3150_0,0,426,346,117,36,21,14,391
3151_0,11,246,392,387,1103,1577,1156,180
3152_0,12,685,1028,1180,2446,4138,2822,544
3154_0,17,378,511,627,994,1580,1354,341
3155_0,9,121,256,230,830,844,513,75
3156_0,4,450,494,530,1715,883,610,382
3158_0,11,378,687,795,2235,2671,1751,278
3159_0,11,444,685,786,1730,2264,1611,355
3160_0,0,609,779,740,217,22,14,518
3161_0,9,101,191,202,911,895,528,40
3162_0,12,361,624,562,2374,2320,1265,275
3163_0,12,536,741,657,2109,1894,1219,472
3165_0,2,240,602,546,2218,1544,960,166
3168_0,17,459,829,861,3200,1720,998,395
3170_0,8,106,151,137,470,413,242,86
3171_0,12,387,600,689,1918,1934,1469,317
3174_0,12,395,697,625,2431,2501,1607,307
3175_0,9,333,443,396,1820,1403,791,301
3179_0,17,432,764,621,2692,2251,1358,371
3180_0,3,317,652,748,1816,1437,1015,170
3183_0,17,693,815,918,1856,2227,1846,602
3187_0,12,343,713,646,3057,2742,1529,214
3188_0,0,438,307,114,40,17,14,419
3191_0,4,452,736,799,1637,1266,1033,359
3193_0,0,352,249,97,40,24,12,367
3194_0,0,259,395,287,83,30,22,229
3195_0,3,194,327,315,1468,1042,652,155
3196_0,3,342,480,483,1725,1032,650,304
3198_0,11,233,498,656,2108,2386,1317,106
3205_0,12,555,835,813,2320,2889,2030,491
3207_0,12,413,584,503,1854,2286,1494,371
3208_0,4,443,635,593,852,1261,964,353
3211_0,8,184,322,233,2636,1058,446,144
3217_0,17,416,562,493,2209,1635,1069,386
3219_0,0,487,538,269,50,22,14,421
3220_0,12,626,919,1002,2332,3569,2456,514
3223_0,4,367,649,660,1310,1098,862,225
3225_0,0,411,594,439,90,27,15,334
3227_0,17,261,356,400,580,877,716,207
3228_0,0,285,184,100,57,38,29,322
3233_0,4,668,899,1014,1913,1612,1329,550
3234_0,9,159,296,264,1059,874,555,120
3235_0,17,172,325,285,1255,833,425,113
3237_0,4,561,738,752,1933,1317,925,491
3238_0,9,218,316,304,1333,934,570,184
3240_0,12,530,955,902,3340,2925,1626,402
3243_0,11,203,491,327,2510,1327,671,133
3251_0,11,311,590,677,2152,1874,1088,173
3253_0,12,450,746,853,2360,2631,1613,290
3254_0,3,343,515,484,1818,1086,671,256
3255_0,12,207,494,449,2085,1454,773,142
3256_0,3,325,628,710,1752,1643,1299,166
3257_0,0,521,643,425,66,20,18,425
3259_0,11,353,523,458,1671,1997,1301,314
3262_0,12,491,866,830,3564,2933,1621,376
3263_0,4,583,808,843,1691,1224,903,495
3264_0,0,211,153,77,46,31,21,216
3267_0,0,235,179,90,56,29,23,248
3269_0,17,199,406,251,3324,1134,534,174
3270_0,3,240,444,456,1757,1118,728,165
3275_0,8,225,362,375,1899,1616,845,183
3284_0,4,519,716,721,1664,1258,1014,434
3286_0,5,831,994,1039,1356,1395,1229,747
3287_0,0,269,229,102,58,46,30,258
3289_0,3,465,746,647,3069,2050,1262,413
3290_0,17,605,777,914,1497,2485,2042,514
3291_0,8,60,112,73,819,256,110,48
3292_0,0,582,495,405,373,496,550,620
3299_0,0,1010,779,776,774,694,875,977
3301_0,12,330,669,857,2016,2417,1410,168
3302_0,17,320,611,430,3716,1578,811,296
3304_0,5,4995,5100,5401,5494,4728,4385,4466
3305_0,8,-1,49,25,475,131,51,-34
3307_0,17,350,696,769,2447,2682,1811,255
3308_0,2,155,185,197,664,440,226,169
3310_0,9,166,346,217,3412,1301,525,130
3311_0,5,694,918,920,1765,1525,1153,610
3314_0,17,271,488,430,2675,1726,893,244
3317_0,16,278,671,277,4351,1497,646,262
3318_0,12,428,706,609,2645,2436,1383,365
3321_0,9,106,206,153,1132,707,343,91
3324_0,0,362,243,100,44,16,13,379
3325_0,0,215,168,84,54,39,30,225
3326_0,9,225,418,362,2499,1569,776,147
3327_0,4,619,729,802,1385,1293,995,542
3331_0,11,161,362,402,1236,1592,1053,93
3332_0,17,561,696,789,1353,2053,1858,510
3334_0,12,372,624,603,2387,2098,1332,301
3335_0,17,309,419,547,1276,1554,1115,259
3336_0,8,45,115,80,1324,340,136,10
3339_0,4,447,704,810,1656,1315,1046,258
3340_0,17,332,605,631,2142,1772,1244,201
3344_0,8,92,192,136,1864,544,217,58
3346_0,9,175,311,271,1685,1279,654,112
3347_0,17,705,1008,1284,1905,2854,2715,579
3348_0,17,473,725,733,2106,2204,1705,384
3350_0,12,310,651,365,3646,1946,925,288
3351_0,19,374,517,430,676,490,299,297
3352_0,17,462,808,639,3006,2509,1470,430
3353_0,19,420,513,553,1135,1054,722,350
3355_0,2,309,542,392,3432,1651,881,264
3357_0,12,394,622,574,2007,2487,1574,333
3358_0,17,376,435,509,762,1142,965,344
3359_0,0,642,804,700,142,27,12,538
3362_0,17,329,538,491,1970,1263,912,274
3363_0,9,211,375,329,1208,1396,886,136
3364_0,11,438,635,680,1475,1890,1213,365
3365_0,0,469,579,360,58,17,10,384
3368_0,11,252,473,534,1608,1772,1180,141
3369_0,0,372,370,145,69,36,23,325
3370_0,0,517,672,468,76,15,9,424
3374_0,17,427,692,630,2393,1813,1289,404
3376_0,11,329,563,432,2530,2083,1186,298
3382_0,12,468,851,1059,2085,2309,1479,258
3383_0,11,240,517,597,1632,2023,1287,146
3386_0,8,145,291,231,2421,777,353,96
3387_0,0,282,244,94,37,24,11,284
3390_0,8,107,366,227,4157,1217,458,53
3394_0,11,221,407,304,2919,1809,879,165
3398_0,0,285,242,104,48,31,18,298
3399_0,17,350,661,498,3316,2236,1163,303
3403_0,19,401,521,600,1400,1097,739,331
3404_0,0,480,580,315,80,48,30,395
3406_0,12,300,694,477,3172,2403,1298,234
3410_0,12,413,700,556,2447,2088,1186,373
3412_0,0,273,178,92,49,31,18,331
3415_0,17,527,700,797,1466,1895,1421,458
3420_0,11,58,145,143,791,640,353,-8
3424_0,8,59,169,128,1363,505,217,28
3425_0,8,178,292,225,1755,782,362,135
3427_0,0,484,368,136,51,26,22,454
3429_0,8,49,166,160,1236,741,352,-29
3432_0,11,456,689,695,2545,2335,1294,376
3434_0,17,405,615,583,2146,1800,1236,364
3438_0,8,87,244,164,2332,806,348,44
3443_0,4,324,573,625,1843,1281,899,226
3444_0,19,586,746,807,1490,1094,723,518
3446_0,17,430,664,630,2054,1519,1064,371
3447_0,17,937,952,946,974,1518,1456,925
3450_0,4,657,725,771,1256,1197,1029,603
3452_0,12,197,522,381,2004,1655,941,121
3455_0,0,505,466,155,44,25,11,409
3457_0,12,390,523,485,1390,1790,1144,345
3458_0,19,464,676,653,2016,2120,1296,406
3459_0,12,351,680,833,2116,2589,1688,235
3460_0,11,202,366,352,1600,1716,979,127
3462_0,17,283,567,299,4896,1957,875,278
3468_0,8,112,270,159,3046,868,354,77
3469_0,17,374,580,565,2103,1851,1210,340
3471_0,11,148,261,240,859,753,452,96
3472_0,11,574,850,861,2421,2668,1678,504
3477_0,0,473,600,405,72,27,17,394
3479_0,0,458,593,363,54,15,7,364
3480_0,17,-38,527,721,1706,1819,1272,-315
3481_0,4,560,802,795,1371,1220,907,389
3482_0,9,299,459,493,1667,1651,959,235
3484_0,17,334,454,547,830,1625,1512,272
3486_0,2,314,515,550,1558,1973,1275,246
3487_0,11,370,534,508,1487,2167,1431,327
3488_0,2,200,425,333,2062,1191,704,145
3489_0,3,388,567,549,1507,1150,806,291
3490_0,9,296,575,597,1822,2333,1546,208
3492_0,9,125,232,225,779,678,384,85
3493_0,12,693,1180,1568,2761,4018,2767,494
3495_0,8,90,158,98,1927,480,169,41
3497_0,4,357,566,585,1309,1072,788,279
3498_0,9,44,166,175,809,566,308,-32
3499_0,9,98,227,152,1574,815,368,71
3500_0,8,46,144,93,1546,350,136,4
3503_0,11,275,496,471,1901,1755,1071,192
3504_0,12,380,618,593,1790,2314,1603,305
3505_0,8,80,215,157,2828,710,277,34
3508_0,17,380,770,393,4917,1988,925,359
3509_0,8,122,223,164,1878,700,290,88
3510_0,0,277,217,91,34,17,10,275
3516_0,12,173,261,175,1101,711,369,143
3520_0,12,397,727,618,2708,1967,1075,319
3524_0,0,570,697,448,72,21,6,479
3525_0,9,-43,36,32,476,241,114,-88
3528_0,11,241,360,298,1343,1198,682,222
3533_0,3,364,577,572,1661,1053,729,254
3535_0,4,459,603,641,1432,1170,875,392
3537_0,0,382,516,371,110,42,22,334
3538_0,17,225,544,286,3959,1839,827,179
3543_0,0,530,490,197,54,26,13,476
3544_0,3,745,905,1005,2091,1694,1189,687
3547_0,9,138,273,191,2300,1082,446,119
3549_0,9,194,355,290,1959,1372,644,153
3550_0,19,459,571,633,1548,1815,1191,391
3551_0,2,361,671,495,4217,2143,1072,307
3552_0,11,69,135,126,571,441,268,22
3553_0,0,446,445,186,45,17,12,407
3554_0,0,448,507,241,42,15,9,371
3555_0,12,235,640,406,3188,1909,977,171
3556_0,12,530,856,904,2806,2341,1576,473
3559_0,8,57,148,95,1361,389,169,32
3560_0,8,91,216,142,2129,738,306,50
3561_0,0,523,548,231,48,20,15,445
3564_0,0,325,196,101,58,29,23,374
3569_0,19,392,482,520,1319,1074,713,333
3570_0,12,348,617,587,2390,2292,1308,271
3571_0,8,84,140,101,1130,427,200,64
3572_0,8,59,224,182,2236,947,424,0
3575_0,12,658,830,1022,1777,3138,2829,589
3576_0,12,567,933,994,3290,3739,2237,455
3579_0,17,530,679,723,1071,1850,1766,495
3580_0,12,190,313,262,1563,846,457,170
3584_0,17,298,503,282,3944,1762,759,300
3587_0,12,575,1019,1201,2974,3337,2003,356
3589_0,12,362,635,441,3167,2215,1200,343
3591_0,17,231,480,353,2801,1147,519,190
3594_0,11,338,571,607,1550,1667,1152,264
3595_0,11,442,732,755,2534,1998,1137,322
3596_0,12,301,603,400,2987,1563,805,249
3599_0,2,313,493,449,2194,1428,799,271
3600_0,12,53,197,163,1706,898,388,-15
3601_0,17,457,704,681,1945,1898,1245,393
3605_0,12,414,655,615,2485,2040,1224,368
3610_0,17,518,691,878,1540,2166,1604,416
3612_0,17,181,446,238,3642,1313,554,139
3615_0,0,586,753,625,110,17,7,472
3616_0,12,409,736,572,2745,2552,1529,344
3619_0,16,350,668,402,3585,1838,917,320
3621_0,17,352,659,548,3351,2020,1314,300
3622_0,2,393,583,644,1269,1939,1793,315
3627_0,12,365,757,485,3417,2078,1051,343
3633_0,0,462,508,243,48,21,13,377
3634_0,2,302,541,571,2219,1782,1130,242
3637_0,17,565,779,975,1462,1915,1628,478
3638_0,2,290,472,547,1399,1385,1090,247
3640_0,19,449,746,721,2499,2442,1423,382
3641_0,12,446,579,665,1007,1454,972,367
3644_0,12,580,1022,1285,2810,3340,2098,402
3648_0,12,456,719,758,1996,2102,1311,350
3649_0,2,225,318,283,2117,1022,552,142
3651_0,5,1001,1214,1215,1548,1218,980,880
3655_0,4,375,698,768,1846,1498,1152,169
3656_0,8,112,243,161,2485,742,278,60
3658_0,0,162,234,146,87,65,49,131
3660_0,17,329,390,418,779,1476,1238,311
3662_0,11,165,349,276,2202,1041,530,131
3663_0,0,260,504,430,731,668,461,209
3664_0,12,612,919,1053,2285,2699,1902,478
3666_0,0,579,785,623,109,26,10,458
3668_0,11,141,308,332,1228,1214,809,72
3669_0,8,273,364,254,2273,1224,572,271
3670_0,17,254,485,458,2195,1619,924,227
3672_0,17,440,625,713,1528,2075,1775,392
3673_0,12,296,671,495,3024,2368,1332,221
3674_0,8,164,255,145,2561,853,353,143
3675_0,11,338,587,758,1878,2431,1703,255
3676_0,9,269,369,326,1926,1373,703,220
3677_0,3,994,1237,1323,2407,2301,1711,925
3679_0,17,286,485,538,1744,1494,972,241
3680_0,8,138,245,188,2117,852,381,87
3682_0,4,392,589,605,2389,1938,1171,322
3684_0,0,186,145,75,48,32,21,203
3689_0,4,492,646,709,1216,1187,928,381
3690_0,0,509,701,590,115,25,9,418
3691_0,17,565,753,895,1550,2467,2059,488
3692_0,0,264,341,266,373,178,117,274
3693_0,8,189,245,187,1021,661,343,147
3697_0,17,435,759,651,2979,2390,1501,368
3699_0,4,1007,1328,1437,2470,2235,1487,824
3701_0,17,347,575,555,2030,1687,1066,276
3702_0,3,580,802,842,1742,1532,1178,493
3703_0,4,797,1039,1127,1538,1567,1343,595
3704_0,5,1143,1294,1209,1148,1221,1025,1020
3706_0,11,192,282,281,1002,726,459,127
3707_0,12,692,1262,1477,3172,3797,2278,476
3708_0,9,171,402,376,2619,1710,909,105
3710_0,9,243,370,371,863,680,473,189
3711_0,12,329,533,449,1997,1823,1183,294
3716_0,17,278,509,413,3120,1874,1150,211
3717_0,3,561,745,831,1679,1246,970,449
3718_0,4,369,466,497,1521,949,731,309
3725_0,17,657,889,1085,1678,2696,2367,540
3727_0,9,217,298,252,1206,870,486,179
3728_0,9,86,202,168,1166,817,424,60
3731_0,9,397,686,501,3985,2200,1149,330
3733_0,12,420,807,871,2579,2591,1459,236
3735_0,12,590,868,898,2488,3024,1981,502
3738_0,0,378,290,108,51,31,18,362
3739_0,17,340,618,358,4187,1764,826,337
3741_0,12,452,682,573,2330,2071,1229,394
3742_0,17,335,673,658,2722,2362,1395,214
3743_0,4,640,837,953,1599,1346,1129,565
3746_0,3,186,288,281,1105,794,529,96
3748_0,0,211,163,75,36,28,21,218
3749_0,8,38,80,75,292,358,236,-2
3751_0,9,163,276,257,1256,764,443,101
3754_0,9,225,373,368,1068,1366,886,171
3757_0,0,546,726,570,105,19,14,432
3758_0,11,349,589,582,1952,2373,1529,257
3759_0,0,420,584,598,704,228,134,356
3760_0,9,269,412,397,2037,1724,943,214
3765_0,17,316,548,309,3708,1793,825,278
3767_0,9,178,265,271,918,1037,653,120
3769_0,0,272,178,96,44,22,17,328
3774_0,9,75,113,99,233,342,253,44
3776_0,9,134,355,279,3484,1535,710,59
3778_0,3,261,463,427,1763,966,666,166
3781_0,0,503,622,383,61,17,12,404
3782_0,0,237,209,98,37,20,13,253
3786_0,12,486,763,812,2254,2332,1430,369
3787_0,0,616,759,529,94,25,16,519
3789_0,4,567,976,1133,1610,1693,1488,338
3790_0,9,142,207,178,724,631,367,120
3791_0,12,339,608,380,2990,1926,1034,328
3793_0,17,373,531,495,1725,1631,1068,339
3795_0,17,336,541,456,2768,1789,1002,293
3796_0,9,164,317,295,2028,1402,712,75
3798_0,3,415,701,779,1746,1426,1141,276
3799_0,7,422,558,591,1651,2289,1453,358
3801_0,4,563,942,1043,1943,1490,1153,414
3802_0,17,264,420,332,2516,1317,665,241
3803_0,9,285,366,368,1256,1384,823,240
3807_0,17,444,746,756,2584,1899,1255,364
3809_0,11,338,575,467,2458,1808,1085,257
3811_0,9,109,179,144,1037,556,286,46
3812_0,17,266,480,261,3679,1666,693,268
3816_0,12,323,643,454,2806,1977,1046,273
3817_0,12,377,752,571,3273,2256,1245,310
3818_0,17,446,682,601,2680,2197,1288,405
3820_0,0,248,244,106,58,41,23,226
3824_0,17,266,532,270,4347,1773,748,265
3825_0,17,254,401,338,2482,1293,712,205
3826_0,12,483,808,658,2719,2350,1352,429
3827_0,4,685,828,902,1521,1264,1015,618
3828_0,5,609,607,635,877,769,663,565
3829_0,9,296,465,424,2255,1742,949,249
3830_0,18,235,371,335,1703,1248,750,158
3834_0,0,490,566,283,51,19,13,415
3836_0,17,579,765,878,1514,2429,2296,500
3837_0,12,372,673,467,2681,1626,971,332
3838_0,9,251,199,132,636,228,84,253
3839_0,19,192,413,420,1869,1188,699,114
3840_0,9,159,316,333,1355,1368,792,102
3841_0,8,121,213,189,1404,803,369,79
3844_0,0,509,625,424,148,208,123,411
3845_0,17,518,806,1007,1632,2494,2124,424
3847_0,3,607,814,794,1990,1656,1204,546
3851_0,8,133,252,181,2211,901,394,87
3857_0,11,182,389,377,1641,1380,788,97
3859_0,17,392,541,652,964,1620,1442,334
3860_0,11,222,265,226,815,884,480,204
3863_0,11,245,403,344,1435,1163,773,196
3866_0,17,467,646,783,1574,2074,1756,371
3871_0,0,503,664,495,77,16,9,374
3874_0,17,280,520,308,4053,1716,787,278
3876_0,3,474,668,774,1433,1288,964,366
3877_0,5,742,1019,1081,1592,1496,1276,675
3880_0,11,311,467,458,1863,1937,1201,232
3881_0,12,606,902,1027,2317,3268,2169,467
3882_0,17,208,419,354,2369,1112,613,151
3883_0,12,321,586,570,1971,2197,1422,229
3884_0,17,578,830,1069,1462,1935,1693,500
3886_0,11,177,318,331,1124,1186,710,104
3888_0,0,541,733,563,110,25,18,421
3889_0,17,383,523,680,1177,2658,2523,294
3896_0,11,449,688,771,1920,2741,1710,323
3897_0,12,291,712,417,3970,2248,1117,243
3898_0,4,690,978,1063,1642,1650,1358,555
3902_0,17,336,680,601,3217,1871,1104,262
3903_0,11,268,486,552,1836,2418,1567,163
3906_0,11,158,317,378,1268,1532,1003,97
3908_0,12,430,691,585,2164,1968,1149,381
3909_0,0,462,477,208,73,33,25,401
3911_0,0,221,168,91,58,39,24,233
3916_0,11,281,534,494,2143,1827,1083,209
3918_0,0,268,251,107,56,45,33,243
3919_0,0,412,385,148,40,21,15,377
3920_0,2,247,525,386,3419,2046,1014,188
3922_0,0,261,209,100,54,37,21,262
3923_0,3,667,528,515,1995,2018,1430,574
3927_0,8,144,274,171,2490,929,375,103
3928_0,0,582,694,493,87,18,13,474
3931_0,11,446,650,695,2043,2392,1564,393
3932_0,2,135,252,193,1719,847,390,98
3934_0,11,664,979,1177,2191,3065,2174,480
3936_0,12,233,372,392,887,993,654,179
3937_0,2,719,1007,1196,2058,3543,2777,604
3939_0,0,371,292,104,33,24,11,349
3940_0,17,276,597,416,3126,1685,910,231
3941_0,5,524,790,780,1683,1091,707,488
3943_0,11,335,537,509,2183,2012,1189,280
3944_0,3,454,705,734,1999,1560,1090,370
3945_0,11,149,344,351,1701,1280,685,75
3946_0,11,324,413,373,1206,1451,917,309
3949_0,12,228,289,254,541,485,279,193
3950_0,9,267,484,467,1881,1809,1069,191
3951_0,17,315,519,475,1979,1426,889,282
3953_0,12,644,1022,1271,2346,3241,2283,472
3955_0,17,420,491,555,911,1933,2015,403
3956_0,16,566,737,896,1467,2327,2034,502
3959_0,2,328,716,518,3554,2281,1173,264
3962_0,0,208,194,98,32,20,13,236
3964_0,9,59,99,55,591,226,86,44
3965_0,17,407,606,734,1544,1831,1341,318
3966_0,17,341,527,486,1562,1421,921,313
3970_0,0,461,588,401,69,19,7,352
3971_0,12,785,1264,1406,3526,3744,2308,603
3973_0,17,415,590,719,1369,1774,1652,345
3975_0,2,198,314,264,1655,818,441,150
3976_0,17,377,520,598,1663,1677,1119,340
3979_0,17,530,793,997,1588,2358,1933,441
3980_0,0,331,401,235,52,19,7,281
3981_0,12,485,767,754,2725,2660,1596,428
3982_0,0,453,312,114,48,25,14,441
3984_0,11,275,552,642,2635,2347,1384,135
3986_0,12,455,726,699,2131,2332,1471,383
3987_0,12,388,623,517,1864,1619,988,341
3989_0,6,1516,2250,2699,3230,4129,3802,1274
3990_0,3,406,659,625,2731,1752,1104,333
3991_0,12,463,805,814,2703,2974,1860,348
3992_0,3,700,893,985,1842,2042,1531,580
3993_0,3,439,615,603,1678,1295,883,352
3997_0,12,353,669,643,2616,2549,1567,272
3998_0,17,432,710,688,2317,1955,1323,366
3999_0,17,553,672,829,1430,2808,2650,492
4001_0,17,349,471,455,2066,1740,986,318
4004_0,12,391,543,485,1536,1756,1055,350
4007_0,4,468,658,660,1684,1223,907,347
4008_0,4,541,804,886,1555,1487,1208,387
4009_0,0,209,261,244,218,41,29,216
4010_0,12,162,324,362,1318,1225,824,99
4012_0,9,256,421,387,2308,1663,920,197
4013_0,17,736,985,1251,1951,3240,2550,602
4015_0,3,439,568,587,1539,1377,911,368
4016_0,2,486,762,911,1744,2482,1698,385
4020_0,18,342,480,510,1253,1743,1358,288
4023_0,7,338,558,625,1869,2371,1490,257
4024_0,0,203,147,75,44,28,18,219
4025_0,5,946,1158,1207,1435,1764,1432,791
4026_0,0,114,151,74,46,32,21,78
4028_0,4,972,1736,1941,2771,2629,2093,660
4030_0,0,436,338,120,49,28,16,374
4031_0,17,533,715,887,1335,2199,1875,442
4032_0,17,332,533,369,2638,1958,1126,323
4033_0,8,78,199,138,2069,505,208,45
4034_0,12,304,609,521,2220,2524,1535,218
4035_0,12,427,825,618,3281,2309,1239,370
4036_0,11,378,529,546,1719,2300,1411,311
4037_0,11,543,785,827,2026,3087,2232,460
4040_0,11,123,226,225,669,494,319,75
4041_0,17,546,756,764,2423,1851,1277,500
4043_0,0,209,154,79,45,28,23,230
4047_0,8,22,62,34,569,132,58,5
4048_0,0,367,320,116,34,19,11,332
4049_0,12,375,732,495,3487,2263,1132,329
4054_0,11,340,527,509,1830,1971,1137,275
4057_0,2,898,1045,1088,2045,2556,2183,757
4060_0,0,247,243,105,53,41,34,233
4064_0,0,662,844,863,340,24,12,560
4065_0,12,360,648,567,2083,2428,1566,288
4067_0,0,367,477,387,199,109,98,328
4070_0,12,439,785,673,2752,2552,1475,354
4071_0,17,343,622,567,2350,1954,1240,307
4072_0,3,561,836,749,2623,1814,1160,513
4073_0,2,268,576,598,2358,2052,1368,140
4074_0,17,726,994,1213,1653,2179,1854,588
4075_0,8,71,218,128,2171,685,265,38
4078_0,8,153,301,286,1474,1318,732,92
4081_0,8,63,152,97,1398,353,143,24
4082_0,12,395,680,779,2123,2627,1674,263
4084_0,11,459,735,857,1966,2850,1917,338
4090_0,0,515,623,355,58,21,7,437
4091_0,11,198,555,305,3417,1933,936,143
4092_0,3,394,580,728,1601,1182,904,265
4093_0,0,574,624,285,61,29,18,451
4094_0,12,461,802,827,2298,2024,1208,316
4095_0,9,158,322,196,3011,1204,503,107
4096_0,11,71,125,130,448,432,257,42
4097_0,11,157,262,324,1436,1084,628,87
4099_0,0,407,292,115,45,19,14,404
4100_0,11,254,528,625,1929,1759,1128,132
4102_0,3,447,711,706,1529,1815,1443,345
4103_0,11,151,342,407,1280,1296,749,53
4106_0,17,642,891,1019,2221,2719,1961,520
4109_0,3,394,602,587,1651,1234,860,361
4111_0,3,828,1040,1135,1775,1689,1400,665
4113_0,2,558,828,833,2187,1936,1510,484
4114_0,12,209,403,354,1833,1435,843,150
4117_0,0,533,689,510,78,16,14,401
4118_0,9,164,347,379,1340,1439,766,91
4120_0,0,461,554,312,53,17,13,385
4122_0,0,251,201,94,40,21,18,265
4126_0,11,481,826,906,2609,3302,2116,375
4128_0,12,340,723,596,3093,2903,1675,247
4133_0,17,348,549,723,1101,1384,1125,273
4137_0,4,2588,4106,4252,4492,3768,2440,2391
4140_0,17,263,497,438,2653,1688,1016,182
4143_0,12,258,466,445,1448,1132,690,188
4144_0,17,260,476,525,1589,1489,1078,182
4145_0,18,280,312,245,207,162,94,275
4146_0,17,618,901,936,2472,2389,1753,551
4148_0,0,498,571,265,46,16,6,425
4150_0,12,353,804,568,3887,2682,1466,281
4151_0,0,396,352,141,55,33,21,345
4153_0,9,65,136,85,1298,469,193,27
4154_0,0,603,822,812,235,30,25,499
4155_0,17,379,525,547,1729,1714,1195,278
4161_0,11,288,482,497,1989,2022,1269,209
4163_0,2,211,343,350,2016,1090,589,125
4165_0,19,282,394,403,1830,1614,911,265
4166_0,17,380,695,484,3387,2228,1167,352
4167_0,9,204,352,256,2240,1176,518,157
4168_0,9,148,270,186,2434,945,388,101
4169_0,17,223,487,349,2978,1561,806,169
4172_0,17,329,523,493,1924,1570,954,301
4173_0,3,536,812,876,1970,1732,1248,447
4177_0,17,190,365,283,2266,1206,582,157
4184_0,9,141,254,176,2311,939,390,101
4186_0,5,516,781,875,1397,1311,1066,354
4188_0,3,286,459,518,1540,1096,767,167
4191_0,5,1676,1989,2076,2075,1939,1706,1490
4194_0,12,273,511,370,2321,1725,982,240
4195_0,9,79,231,189,2307,1114,529,15
4196_0,17,307,461,445,1589,1604,982,248
4197_0,17,248,460,404,2472,1399,783,218
4201_0,4,722,1016,1091,2002,1832,1476,595
4203_0,11,325,551,418,1934,1674,992,288
4206_0,17,328,504,520,2044,1784,1101,274
4207_0,0,231,182,82,36,22,16,232
4208_0,12,314,524,470,2037,1594,983,283
4210_0,0,540,514,212,49,19,10,465
4211_0,0,536,653,412,70,20,5,444
4215_0,0,340,425,472,1395,1405,824,329
4216_0,17,269,353,421,735,1636,1409,235
4217_0,11,129,249,242,1150,1066,582,49
4218_0,5,1748,1679,1757,2142,2136,1785,1610
4219_0,11,247,380,426,1262,1484,993,179
4220_0,11,366,583,562,1560,2118,1430,304
4221_0,11,390,525,492,2853,2239,1240,327
4222_0,11,431,748,722,2378,3042,1954,343
4225_0,9,37,124,119,611,369,199,-7
4229_0,2,549,891,991,1576,1993,1453,398
4232_0,12,471,808,761,2464,3087,1985,381
4234_0,0,245,174,82,41,24,18,255
4237_0,9,129,310,288,1808,1317,695,71
4240_0,11,299,595,439,2855,2016,1073,240
4242_0,11,302,473,463,1688,1977,1201,222
4243_0,9,78,223,194,1945,1082,512,14
4244_0,11,404,687,510,3379,2268,1356,370
4245_0,17,871,1182,1400,2195,2861,2642,755
4246_0,8,224,341,242,1591,1008,556,203
4247_0,9,304,528,595,2066,2049,1276,221
4248_0,8,81,244,172,1774,640,305,47
4250_0,12,350,766,672,2962,3199,1876,242
4253_0,17,273,497,304,3217,1624,736,260
4254_0,17,337,496,668,1212,3216,3134,265
4255_0,9,141,306,252,2089,1160,551,92
4256_0,12,399,757,731,2861,3133,1844,285
4257_0,12,441,778,696,2703,2259,1275,366
4258_0,4,503,701,741,1722,1470,1077,414
4259_0,12,430,842,786,3068,2734,1546,308
4262_0,17,392,696,492,3338,1668,913,365
4264_0,17,560,694,810,1390,2471,1937,491
4266_0,9,97,110,83,339,217,120,89
4267_0,12,522,843,837,2316,2525,1523,417
4268_0,3,458,613,579,1324,947,774,408
4269_0,17,303,414,419,1239,1672,1123,269
4270_0,17,345,607,607,2503,2079,1367,280
4271_0,0,308,217,84,42,19,9,327
4275_0,0,536,716,561,120,38,23,441
4278_0,12,384,785,581,3366,2511,1358,309
4279_0,12,363,861,579,4540,2121,1147,290
4280_0,9,131,249,271,1019,1123,712,74
4282_0,12,464,805,761,2443,2776,1794,367
4283_0,11,278,437,522,1053,931,565,188
4284_0,17,359,506,600,1328,1800,1298,294
4288_0,17,302,486,471,1452,1382,879,242
4289_0,11,321,580,657,2015,2096,1442,238
4290_0,0,491,672,608,157,36,23,407
4294_0,0,455,605,419,83,27,13,349
4295_0,11,480,751,618,2845,2754,1621,429
4297_0,11,169,338,281,1803,1231,674,124
4302_0,16,374,568,754,1232,2662,2717,275
4303_0,0,673,848,794,216,20,10,584
4305_0,11,350,529,528,1414,1948,1349,281
4307_0,9,-9,105,100,880,511,260,-70
4308_0,11,267,366,342,1285,1233,753,231
4309_0,0,448,562,334,62,18,11,368
4310_0,17,514,639,778,1228,2010,1759,463
4312_0,11,423,723,653,2087,2308,1455,345
4314_0,8,149,228,150,1042,667,381,117
4315_0,8,56,115,61,1253,356,125,10
4320_0,17,518,830,929,2172,2297,1818,440
4321_0,9,97,207,199,831,585,332,62
4322_0,12,591,992,1211,2476,3241,2160,416
4323_0,17,227,371,238,2527,1018,447,213
4325_0,12,404,795,694,2818,2330,1331,320
4326_0,17,275,402,397,1869,1170,629,242
4327_0,8,134,267,177,2389,845,380,106
4329_0,2,297,423,362,1982,929,543,240
4330_0,2,561,931,751,3376,2071,1316,511
4331_0,9,243,392,401,1705,1683,1005,186
4332_0,0,371,283,108,40,17,11,392
4333_0,12,506,809,916,1809,2111,1323,335
4334_0,0,224,198,76,31,27,18,239
4336_0,17,296,491,323,3167,1688,774,293
4339_0,19,465,605,615,1554,1649,936,387
4340_0,12,366,540,627,1450,2271,1566,288
4343_0,0,231,312,146,103,93,66,177
4344_0,12,532,987,1214,2639,3665,2383,364
4345_0,11,360,674,580,2309,2346,1390,291
4348_0,0,461,627,489,93,32,19,369
4349_0,19,256,305,287,421,147,95,236
4351_0,3,275,427,436,1338,808,546,191
4352_0,2,320,537,407,2629,1506,787,289
4354_0,0,298,193,100,49,37,25,332
4358_0,11,221,407,496,1511,2113,1419,143
4361_0,11,288,486,559,1852,2141,1328,199
4362_0,8,155,164,98,678,351,148,159
4363_0,17,332,594,409,4054,1916,889,304
4364_0,16,187,400,257,3065,1220,503,165
4366_0,8,199,300,289,1903,948,536,160
4367_0,8,65,177,118,1834,476,187,37
4369_0,17,426,670,587,2814,1794,1210,362
4370_0,19,451,656,702,2361,2473,1441,379
4371_0,17,431,650,831,1283,1656,1450,348
4373_0,8,62,163,123,1380,491,210,32
4375_0,17,378,558,782,1373,2711,2610,290
4379_0,11,118,256,274,1180,1067,674,73
4380_0,0,347,408,289,99,31,21,312
4382_0,16,290,553,350,2860,1812,980,261
4384_0,9,189,300,278,1303,1085,634,128
4386_0,4,814,1399,1391,2147,1992,1309,468
4388_0,2,407,818,740,3285,3098,1889,351
4390_0,8,148,158,84,596,222,103,151
4391_0,12,393,549,689,1354,1948,1583,324
4398_0,17,396,446,496,791,1459,1413,377
4399_0,5,992,1368,1427,1770,1776,1551,858
4400_0,9,115,313,365,1294,1112,666,34
4401_0,11,215,280,292,978,977,617,203
4402_0,17,451,564,604,944,1267,1045,402
4403_0,8,96,194,128,1922,552,221,59
4404_0,12,743,1235,1296,3274,3473,2398,612
4405_0,11,273,379,388,1248,1331,969,218
4406_0,12,457,741,606,2390,2101,1265,404
4408_0,0,467,341,116,45,18,9,435
4409_0,11,206,324,295,1135,1090,642,157
4411_0,11,426,585,608,1980,2717,1747,361
4413_0,11,355,625,791,1869,2389,1709,259
4414_0,12,406,687,482,3102,1873,1009,358
4415_0,9,98,181,134,946,428,198,69
4416_0,9,201,317,256,1980,1240,641,133
4417_0,16,673,1017,1311,2690,2935,2302,573
4418_0,17,533,814,786,2189,2342,1541,474
4419_0,11,384,497,511,1728,1974,1228,331
4422_0,17,612,723,832,1453,2283,1996,552
4426_0,5,2201,2565,2788,3207,2161,1457,1804
4427_0,9,251,540,476,1854,1447,841,158
4428_0,12,545,937,1298,2499,3876,3300,367
4432_0,17,248,428,330,2079,1450,821,231
4435_0,3,340,543,473,2024,1323,808,278
4436_0,9,97,246,247,1612,949,529,34
4439_0,0,372,432,290,89,93,78,321
4442_0,8,118,234,162,2541,572,222,79
4444_0,17,181,369,302,2308,999,529,124
4449_0,12,379,480,464,1267,1548,1066,347
4450_0,12,253,462,579,2241,2127,1357,189
4452_0,11,292,499,551,1756,1858,1238,198
4454_0,8,16,47,38,224,130,65,-21
4460_0,9,180,302,182,2449,988,398,156
4461_0,8,62,147,85,1761,381,137,24
4463_0,2,555,807,888,1621,1976,1602,465
4465_0,4,521,623,666,1284,1040,846,453
4467_0,12,192,326,251,1582,993,510,169
4471_0,2,231,411,310,2046,1410,735,192
4472_0,16,398,567,510,1680,2313,1531,393
4474_0,11,248,449,494,1981,1961,1185,132
4475_0,17,553,700,861,1391,2555,2181,456
4476_0,0,380,330,109,54,27,9,341
4479_0,0,536,674,440,74,24,12,422
4481_0,12,569,902,1159,2237,3319,2166,381
4484_0,17,257,518,513,2649,1735,900,187
4485_0,17,356,495,613,920,1704,1490,296
4487_0,9,283,490,515,1567,1782,1073,179
4489_0,8,210,345,295,2189,1186,566,172
4490_0,11,141,307,316,1337,1147,679,60
4491_0,17,476,612,625,1175,1466,1137,441
4495_0,0,351,438,277,62,27,17,298
4496_0,0,525,473,186,48,25,12,472
4497_0,3,354,575,406,2665,1794,1028,333
4498_0,8,95,255,151,2838,797,314,47
4499_0,4,847,1199,1340,2142,1836,1478,681
4503_0,4,662,960,1172,2024,1623,1370,556
4504_0,17,539,722,917,1461,2115,1980,461
4506_0,19,465,701,972,1593,2352,2070,390
4507_0,5,920,1222,1278,1559,1738,1538,847
4510_0,5,1363,1748,1829,2135,2345,1967,1065
4512_0,17,337,383,396,654,1116,1091,332
4513_0,0,478,615,378,61,14,13,375
4514_0,12,621,989,1052,2118,2272,1695,491
4515_0,17,290,508,368,3072,1800,877,257
4516_0,0,505,573,302,56,17,7,408
4518_0,2,260,381,421,1296,1216,783,216
4523_0,12,647,1080,1119,3443,4222,2585,509
4524_0,12,404,743,628,2534,2688,1622,333
4525_0,17,502,742,904,1272,2029,1819,360
4526_0,11,272,519,409,1676,1716,1093,229
4527_0,9,90,147,132,455,432,236,47
4532_0,12,401,649,801,1983,2766,1862,290
4533_0,2,350,662,582,2060,1632,1103,293
4535_0,17,645,888,1111,1758,2393,1974,543
4536_0,9,62,144,118,1116,546,269,-4
4537_0,9,94,232,137,1904,856,346,50
4539_0,12,712,1179,1372,3458,3666,2102,516
4543_0,17,259,490,276,4052,1615,692,258
4544_0,12,437,715,585,2424,2226,1288,389
4545_0,2,102,279,210,1482,767,426,41
4550_0,18,314,436,438,1514,1371,774,308
4551_0,17,375,467,438,1410,1606,1150,334
4554_0,0,637,798,702,153,30,10,529
4555_0,19,236,247,213,137,78,50,242
4556_0,0,595,763,637,123,19,14,484
4561_0,19,309,387,409,501,573,359,274
4564_0,3,397,560,527,1894,1545,947,348
4565_0,12,226,403,337,2363,1611,778,166
4566_0,9,176,370,325,2273,1397,678,117
4570_0,9,174,243,193,816,641,336,147
4571_0,11,75,151,153,677,520,347,3
4572_0,12,358,602,416,2180,1802,1060,334
4582_0,17,521,793,849,1919,2154,1616,418
4583_0,12,581,934,998,2760,3391,2154,463
4584_0,0,197,145,70,36,22,15,206
4585_0,0,220,298,188,76,26,15,210
4586_0,4,454,647,676,1587,1185,883,380
4587_0,12,347,713,388,3188,2017,1090,331
4588_0,17,581,1000,1063,2777,2303,1645,455
4590_0,8,78,136,84,1206,396,162,44
4595_0,17,622,887,1178,1787,2889,2732,509
4596_0,11,322,656,689,2266,2244,1348,202
4597_0,11,287,473,364,2705,1640,855,267
4598_0,17,442,627,558,2649,1788,1112,416
4599_0,19,379,483,543,1050,1449,985,332
4600_0,4,602,728,678,1796,1329,943,457
4601_0,12,366,588,490,1800,1816,1221,325
4602_0,17,361,606,534,2423,1530,896,338
4603_0,11,200,394,284,2510,1316,680,129
4604_0,17,458,651,829,1267,1855,1531,329
4605_0,8,83,230,156,2415,717,284,39
4606_0,5,3257,3820,3964,3839,4047,3795,2923
4607_0,12,443,719,547,2320,2279,1390,403
4608_0,19,4510,5138,5264,5053,1284,557,4290
4610_0,12,272,544,376,2451,1622,834,219
4613_0,5,1181,1412,1626,1931,2251,1927,1039
4614_0,0,478,423,157,42,22,14,395
4615_0,0,364,231,96,34,21,11,365
4616_0,8,48,145,105,1074,454,218,16
4617_0,17,370,557,497,2097,1931,1203,337
4618_0,8,188,252,184,1434,758,375,158
4619_0,8,199,374,312,2339,1478,692,164
4621_0,8,183,202,129,882,382,167,184
4622_0,12,565,881,996,1983,2461,1766,450
4623_0,12,359,762,357,3785,1798,893,340
4624_0,9,513,774,901,1876,2581,1811,377
4625_0,17,495,864,1186,2366,2997,2425,349
4626_0,17,256,416,313,2804,1352,719,243
4628_0,4,276,315,255,1530,847,493,231
4629_0,2,1042,1707,2331,3379,4373,3887,827
4631_0,8,284,415,358,2341,1433,695,221
4632_0,17,589,762,997,1515,2159,1992,498
4633_0,0,317,367,248,109,45,33,308
4634_0,3,121,355,303,1836,886,560,58
4636_0,4,369,494,576,1448,946,679,265
4638_0,17,832,1022,1178,1566,2141,1803,741
4639_0,17,526,708,704,2250,2225,1634,453
4643_0,9,63,244,288,1115,924,518,-4
4644_0,9,309,465,399,1868,1172,706,264
4646_0,12,618,944,1001,2402,3434,2339,478
4647_0,9,136,261,199,1444,910,484,110
4648_0,0,519,595,321,64,19,12,434
4650_0,12,504,977,1208,2442,3431,2127,316
4651_0,17,316,439,564,1430,1668,1115,283
4654_0,8,292,469,495,1876,2347,1493,170
4656_0,12,601,841,1099,1777,2469,2057,505
4657_0,12,498,989,1099,2920,3132,1970,329
4660_0,11,232,446,488,2210,1654,1028,159
4662_0,8,46,111,51,1007,289,118,30
4663_0,12,236,438,373,1308,1135,688,169
4665_0,3,594,810,779,2380,1698,1138,474
4666_0,9,56,171,180,1171,700,352,-11
4668_0,11,330,552,510,2707,2238,1217,267
4669_0,8,114,268,197,2702,1039,436,73
4670_0,2,219,314,293,1443,796,429,179
4671_0,0,559,704,468,98,37,24,455
4673_0,0,288,173,90,45,35,19,331
4675_0,3,341,559,608,1529,1194,818,257
4676_0,17,409,572,703,1757,2125,1269,363
4677_0,11,369,523,470,1541,1884,1183,331
4678_0,17,574,835,911,1759,2302,2013,489
4679_0,2,151,283,236,1627,975,474,123
4681_0,5,788,1109,1133,2796,1952,1204,701
4682_0,0,495,558,277,66,25,14,402
4683_0,17,372,742,368,5578,2041,920,373
4684_0,11,280,397,428,957,1570,1154,225
4687_0,0,229,226,85,40,28,22,242
4689_0,17,327,490,424,1658,1487,960,310
4693_0,4,547,634,642,1190,936,762,455
4694_0,11,332,558,487,2995,2308,1196,291
4695_0,0,469,501,202,47,25,15,427
4696_0,17,405,595,529,2669,2204,1277,380
4697_0,17,397,504,611,1072,1539,1300,341
4700_0,4,305,658,744,1877,1037,751,235
4704_0,3,516,701,764,1836,1425,989,447
4705_0,12,294,636,361,3332,1633,790,279
4706_0,9,193,240,167,1270,636,294,191
4708_0,8,137,258,150,1849,570,268,97
4709_0,16,565,761,858,1888,3115,2113,480
4710_0,17,359,482,494,815,945,719,323
4711_0,4,305,506,578,1464,1144,887,184
4717_0,4,365,698,797,1510,1278,1057,225
4718_0,9,194,382,332,1310,1319,814,130
4721_0,11,180,397,411,1605,1385,831,101
4722_0,17,320,414,516,1145,1322,1031,244
4723_0,4,347,522,501,1677,1116,795,228
4724_0,11,92,166,139,636,376,224,66
4726_0,2,394,494,537,2305,1709,1087,307
4727_0,12,402,692,684,2045,2559,1660,324
4729_0,11,313,499,543,2055,2256,1365,218
4730_0,12,384,602,555,1995,2520,1659,330
4733_0,9,178,307,234,1692,930,485,139
4735_0,19,282,312,332,814,653,444,253
4736_0,9,91,234,161,2056,936,396,64
4741_0,9,86,193,145,1235,748,366,47
4743_0,12,774,1090,1289,2342,2562,2198,658
4744_0,0,527,641,369,71,20,13,447
4747_0,12,441,819,810,2766,2597,1461,325
4749_0,17,583,729,858,1315,1910,1645,509
4750_0,0,483,566,294,56,18,7,405
4752_0,12,305,628,416,3664,1831,885,286
4753_0,11,60,119,130,517,314,191,37
4754_0,12,343,752,487,4133,2326,1229,288
4759_0,3,436,645,666,1777,1164,810,351
4760_0,4,681,798,836,950,924,794,643
4761_0,12,669,935,1056,2141,3456,3027,580
4768_0,9,71,197,136,1324,733,344,13
4769_0,4,712,1025,1059,1086,1550,1445,629
4770_0,0,321,241,100,54,28,18,312
4771_0,9,332,483,562,2098,2102,1160,276
4773_0,11,428,754,933,2312,2658,1795,302
4779_0,11,154,231,218,847,813,486,124
4780_0,17,341,586,632,1845,1706,1342,237
4782_0,12,465,800,722,2461,2376,1431,368
4788_0,8,104,184,163,1031,652,319,72
4790_0,12,84,163,92,1069,431,217,44
4791_0,0,437,498,235,56,28,17,387
4792_0,11,457,596,671,1503,2272,1470,382
4793_0,12,403,769,529,3644,2120,1113,356
4796_0,12,423,644,716,1985,1993,1440,365
4797_0,12,333,697,502,3432,2209,1129,274
4799_0,9,159,260,182,1638,945,511,115
4801_0,8,20,47,33,132,86,52,-2
4803_0,0,504,536,236,53,25,14,441
4807_0,12,398,889,661,4055,3034,1768,302
4809_0,12,514,865,918,2660,3248,2006,384
4810_0,17,358,491,637,932,1192,980,307
4812_0,2,65,420,243,2942,1441,733,6
4817_0,12,484,804,641,2825,2331,1371,431
4818_0,12,339,618,661,1645,1595,945,211
4822_0,0,251,183,91,50,32,23,262
4823_0,9,181,308,326,1145,1127,677,131
4824_0,0,296,204,115,68,51,42,348
4825_0,12,1055,1652,2117,3205,4723,3592,784
4827_0,17,287,531,407,2806,1630,912,258
4828_0,0,212,214,141,129,100,79,232
4831_0,12,450,820,609,3022,2361,1328,397
4834_0,9,37,117,90,709,365,179,4
4835_0,0,444,620,536,132,33,15,365
4838_0,0,225,174,86,59,37,21,246
4839_0,12,755,1045,1105,2502,2833,2105,660
4840_0,11,255,405,483,1262,1823,1252,178
4843_0,9,132,328,257,2678,1172,524,72
4844_0,11,336,550,595,1689,2263,1372,225
4845_0,2,296,533,490,2584,1511,905,178
4846_0,4,456,612,627,1091,905,707,361
4848_0,17,469,674,893,1333,2118,1760,413
4849_0,17,814,1170,1333,2270,2494,2118,619
4850_0,17,402,652,706,2036,1854,1313,310
4854_0,9,52,110,102,534,428,241,17
4859_0,17,561,720,825,1461,2483,1912,492
4861_0,11,337,443,464,1591,1820,1191,274
4862_0,0,322,427,323,116,53,34,289
4863_0,3,357,675,606,2814,1955,1135,294
4864_0,11,447,643,597,1731,2426,1727,400
4865_0,9,130,257,236,1050,696,384,56
4869_0,17,387,539,525,1700,1843,1337,355
4871_0,12,528,865,830,2747,2824,1747,425
4874_0,0,350,312,117,38,20,12,328
4878_0,12,900,1449,1825,3228,3977,2712,656
4879_0,12,589,986,1111,3111,3580,2313,461
4881_0,8,168,295,248,1838,792,395,137
4885_0,3,233,387,418,1319,1194,759,164
4888_0,17,511,748,837,2159,2111,1540,435
4890_0,17,266,325,373,589,1333,1236,249
4891_0,5,638,1091,1198,1390,1546,1232,384
4894_0,0,404,386,142,36,26,16,371
4895_0,0,466,508,240,46,21,12,384
4896_0,17,443,560,659,1149,2344,2009,390
4897_0,17,628,898,1185,2269,2729,2222,542
4899_0,5,1689,2072,2169,2284,1965,1731,1490
4903_0,4,589,825,909,1433,1584,1355,468
4905_0,8,59,134,73,1423,415,165,28
4906_0,0,524,453,163,47,22,7,474
4909_0,12,519,886,997,2601,3590,2346,387
4913_0,0,576,706,363,53,18,16,459
4914_0,17,458,544,633,963,1668,1541,418
4915_0,8,206,343,238,2408,1195,559,200
4916_0,2,450,552,590,1793,1279,946,407
4918_0,3,469,784,741,2462,2236,1319,379
4923_0,8,200,320,243,2279,1070,501,153
4924_0,9,52,81,69,225,191,106,14
4930_0,0,339,512,441,961,951,656,239
4931_0,12,418,695,583,2376,2424,1553,355
4932_0,8,131,192,135,1521,611,265,114
4933_0,8,204,356,258,3007,1330,544,143
4934_0,17,358,554,701,1406,1976,1736,268
4935_0,0,256,249,105,55,38,26,235
4936_0,8,-4,60,42,656,157,77,-24
4939_0,17,430,471,526,807,1591,1661,425
4940_0,17,472,736,839,2270,2222,1733,392
4941_0,11,90,173,148,1002,597,315,60
4943_0,11,230,435,340,2526,1712,824,158
4944_0,9,274,405,317,2628,1526,710,221
4945_0,17,564,833,990,1787,2259,1992,480
4946_0,11,434,882,1037,2944,2801,1616,286
4947_0,11,521,797,870,2505,3001,1855,461
4948_0,12,387,691,824,2259,2817,1830,272
4954_0,0,366,427,169,68,45,37,324
4956_0,9,45,172,159,1073,811,422,-15
4957_0,8,56,125,105,710,491,236,15
4959_0,17,303,496,499,2137,1753,992,277
4960_0,8,83,202,262,1265,1056,519,39
4962_0,16,425,609,772,1221,2097,1904,346
4963_0,0,649,846,830,264,26,12,558
4964_0,3,634,964,989,2428,2367,1749,529
4969_0,17,175,428,505,1634,1774,1302,61
4974_0,0,450,443,188,47,19,13,412
4977_0,17,687,950,1244,1924,2948,2806,573
4981_0,8,106,209,197,967,821,468,47
4982_0,12,337,672,460,2983,2285,1210,289
4983_0,17,462,704,895,1271,1762,1431,403
4990_0,12,433,796,636,3126,2258,1208,380
4993_0,9,375,589,589,1992,1982,1214,310
4998_0,0,558,684,456,108,49,34,469
4999_0,17,476,808,923,2200,2283,1493,364
