classification,system:index,Landcover_Class,B2,B3,B4,B5,B6,B7,B1
17,7_0,17,351,515,480,1734,1518,1002,286
5,15_0,4,1281,1709,1787,2586,2449,1803,1009
12,22_0,9,587,975,1176,2372,3024,1915,400
17,23_0,17,448,622,747,1567,1794,1481,373
8,28_0,9,63,208,233,1197,948,545,5
0,39_0,0,537,735,745,362,160,127,449
9,41_0,9,158,340,278,2165,1378,663,113
12,42_0,12,389,709,594,2480,2507,1513,305
4,44_0,4,783,971,954,1384,1360,1223,698
2,46_0,7,200,391,300,2011,1243,628,176
0,54_0,0,500,576,288,54,20,19,414
17,58_0,17,377,463,497,1129,1683,1398,333
9,61_0,9,-13,99,90,732,400,222,-66
12,63_0,17,463,768,549,3560,2060,1140,434
17,66_0,17,385,562,599,1754,1787,1134,315
11,69_0,12,439,725,818,2191,3241,2052,308
11,79_0,11,115,293,339,1508,1772,1117,16
9,82_0,9,237,321,314,1197,1203,704,214
0,83_0,0,293,387,296,116,78,55,251
9,87_0,11,233,437,432,1797,1562,936,165
17,88_0,17,323,547,550,1974,1724,1320,225
8,91_0,17,183,358,259,2427,1134,506,146
12,95_0,12,401,655,570,2143,2428,1516,353
12,96_0,12,362,593,540,1905,2370,1499,319
0,98_0,0,685,890,912,370,29,16,573
9,109_0,8,21,128,138,1080,598,319,-60
4,117_0,17,324,595,572,1316,1050,717,180
9,121_0,11,275,432,423,1914,1828,1074,229
11,125_0,11,365,572,560,2672,2435,1330,316
17,135_0,12,298,650,659,2161,1553,1006,219
12,141_0,12,380,599,614,1564,2160,1525,298
8,144_0,2,116,215,169,1064,708,379,70
0,149_0,0,388,251,152,93,81,70,422
0,152_0,0,225,176,90,50,31,19,242
8,153_0,9,70,164,109,1574,559,244,13
12,163_0,12,317,521,339,2452,1778,867,304
17,164_0,11,323,674,309,4091,1779,832,303
0,165_0,0,207,144,71,37,24,14,219
9,167_0,8,128,281,146,2500,955,359,99
9,172_0,11,320,579,598,2074,1985,1219,233
0,180_0,0,392,718,470,111,22,17,318
8,184_0,8,73,211,131,2599,624,232,26
12,185_0,12,580,925,983,2996,3331,2065,491
8,186_0,8,75,114,75,759,358,158,61
12,194_0,12,578,958,1144,2422,3000,1839,406
8,198_0,8,90,263,187,3051,1167,448,38
12,204_0,12,511,840,945,2125,2657,1896,369
17,209_0,17,529,710,687,1825,2012,1579,486
0,214_0,0,228,241,158,142,54,42,242
17,233_0,3,437,640,671,1933,1677,1088,399
11,237_0,11,360,567,680,1728,2831,1879,209
12,240_0,12,473,834,983,2579,3508,2229,331
17,242_0,2,448,735,617,2695,2214,1337,410
8,249_0,9,58,162,106,1408,582,251,14
8,258_0,8,76,211,144,2214,551,212,24
11,269_0,12,572,710,624,2463,1461,955,537
8,271_0,9,93,179,139,834,607,307,78
11,275_0,11,196,365,439,1151,1323,790,72
11,278_0,12,488,654,603,1841,2321,1495,467
0,282_0,0,561,572,259,68,25,21,464
12,291_0,11,298,639,544,2540,2098,1150,225
0,292_0,0,292,212,93,44,30,18,292
8,294_0,8,21,69,53,447,182,87,-8
0,300_0,0,276,177,98,49,27,19,322
2,308_0,9,329,456,468,1502,1704,1010,276
17,314_0,17,593,763,895,1518,2279,1895,533
17,315_0,12,504,836,1040,1594,2373,2100,320
8,318_0,8,29,70,44,564,154,58,15
12,319_0,17,473,742,670,2600,2600,1647,414
12,322_0,12,405,686,583,2315,2265,1498,348
0,328_0,0,217,169,89,54,40,29,216
4,332_0,4,517,851,1092,1858,1368,1113,428
17,334_0,8,320,446,452,1799,1770,1045,266
17,341_0,17,332,486,483,1693,1512,1003,291
0,343_0,0,711,893,945,613,28,16,606
12,355_0,12,407,753,653,2488,2592,1649,330
12,361_0,12,590,981,1030,3498,3476,2025,472
0,362_0,0,403,373,142,37,26,9,365
17,363_0,0,288,326,370,1065,1039,751,275
17,367_0,17,370,493,579,1328,1724,1296,323
12,369_0,2,523,885,945,2458,3123,2058,426
11,372_0,2,245,468,380,2840,1714,848,183
8,379_0,9,92,173,107,1258,552,238,71
0,380_0,0,252,167,82,44,30,18,268
17,392_0,2,379,646,604,2116,1607,1068,310
11,395_0,12,290,493,472,1734,1912,1239,229
8,396_0,2,294,357,333,1658,1169,807,252
11,407_0,3,207,502,556,2050,1441,1029,74
0,411_0,0,524,624,348,55,20,5,438
8,413_0,12,168,335,242,2383,1127,507,143
4,415_0,3,316,505,518,1381,898,619,242
11,418_0,11,352,584,733,1959,2335,1661,241
11,422_0,11,395,628,749,2027,2936,2125,284
12,430_0,12,571,796,810,2110,2762,1806,521
2,435_0,9,201,268,188,1971,872,411,194
9,437_0,11,164,247,215,782,630,367,133
2,442_0,12,200,393,275,1736,1101,598,149
9,448_0,9,192,371,382,1505,1513,881,127
11,451_0,12,347,647,675,1311,1463,1191,215
12,453_0,12,479,796,759,3004,2562,1405,384
11,459_0,9,191,322,342,930,1145,767,118
12,461_0,4,222,494,515,1900,1186,795,79
0,467_0,0,389,361,136,38,17,14,365
17,479_0,17,515,729,829,1542,2088,1748,446
11,480_0,11,285,595,620,2088,2213,1275,182
17,482_0,2,247,561,455,2914,1569,853,195
0,485_0,0,590,746,538,88,27,11,481
0,486_0,0,215,164,83,54,33,18,230
0,494_0,0,269,193,84,50,29,17,251
11,495_0,9,201,330,312,1270,1097,613,132
4,497_0,4,434,695,715,1533,1237,965,425
12,502_0,11,370,679,591,3057,2347,1289,329
3,522_0,4,535,744,760,1955,1400,972,453
8,526_0,8,133,261,188,2427,849,361,79
12,527_0,12,616,1001,1135,2751,3331,2035,462
4,528_0,4,862,1027,1070,1998,1812,1470,785
4,533_0,5,690,917,953,1432,1463,1281,616
9,536_0,9,207,355,303,1803,1233,647,166
4,546_0,17,947,1179,1149,2045,2067,1575,844
4,548_0,4,514,679,738,1594,1207,921,410
12,552_0,17,416,746,495,3650,2176,1092,389
12,556_0,17,475,757,686,2435,2067,1296,432
17,569_0,3,371,603,579,2190,1547,1027,281
17,571_0,16,506,752,950,1607,2302,1918,422
4,576_0,11,431,663,758,1621,1520,1102,338
2,579_0,17,205,420,331,2052,1365,753,170
3,582_0,3,386,699,828,2031,1461,1083,292
2,583_0,9,186,324,307,1330,800,437,166
9,592_0,9,167,272,298,1272,1243,756,129
17,595_0,17,545,776,813,2400,2219,1577,476
12,597_0,11,253,519,367,1761,1581,976,209
4,599_0,4,622,764,795,1241,1340,1102,540
11,608_0,11,307,533,474,2199,2062,1177,251
9,611_0,11,296,610,722,2482,2541,1604,203
9,612_0,9,238,405,439,1639,1604,966,156
12,614_0,17,342,600,308,4415,2015,889,347
12,618_0,17,423,767,614,3446,2436,1391,373
3,620_0,3,1016,1253,1411,2248,2378,1962,870
17,623_0,4,812,1076,1124,1804,1952,1607,690
0,624_0,0,403,383,158,44,18,7,397
11,626_0,11,185,296,224,1528,1055,544,163
12,633_0,12,840,1220,1324,3009,4418,2977,692
4,640_0,4,778,820,816,2212,1300,708,706
12,650_0,12,307,625,446,2537,2110,1151,252
0,659_0,0,595,791,681,134,26,10,458
0,664_0,0,273,178,98,48,34,19,317
3,665_0,17,444,748,728,2133,1741,1235,361
3,673_0,3,305,518,502,2020,1032,606,214
0,682_0,0,200,148,77,47,30,19,219
9,685_0,11,232,378,500,1045,1207,893,143
8,687_0,8,86,251,160,2668,707,270,46
11,697_0,19,418,504,635,1283,2022,1307,379
0,699_0,0,289,335,232,77,33,19,259
11,702_0,11,263,492,515,2121,2019,1250,165
17,712_0,17,528,674,775,1508,2401,2064,465
12,717_0,17,633,846,1073,1803,3042,2747,534
19,720_0,19,399,523,576,1289,1377,841,333
0,721_0,0,408,738,479,95,22,18,321
8,736_0,8,129,220,116,1702,687,281,93
17,737_0,17,770,1093,1213,2437,2944,2555,653
0,740_0,19,494,647,618,959,473,219,385
12,741_0,2,409,769,579,3268,2154,1150,358
17,747_0,17,262,343,395,649,1289,1142,220
8,757_0,8,6,188,123,1994,626,255,-63
11,761_0,11,211,408,417,1324,1583,981,122
17,763_0,17,383,467,524,909,1468,1373,354
8,767_0,9,23,90,78,492,387,217,-34
4,774_0,0,436,538,527,942,1007,764,344
12,776_0,12,443,731,724,2079,2292,1543,364
8,779_0,8,186,362,263,2775,1159,501,148
9,781_0,3,194,305,211,2010,869,417,175
9,787_0,2,77,192,129,1929,836,358,7
17,789_0,3,627,1028,975,3112,2379,1680,531
17,790_0,17,328,769,618,3943,1515,798,163
17,792_0,2,496,781,727,2067,2066,1397,371
11,793_0,9,200,412,306,2888,1403,603,138
0,797_0,0,253,209,92,53,38,35,233
9,804_0,9,185,363,193,2887,1180,461,159
17,809_0,2,635,830,810,2087,2134,1610,579
11,817_0,12,394,651,677,1771,2545,1737,290
4,820_0,4,509,683,752,1642,1150,871,426
12,826_0,11,414,671,723,1997,2771,1805,284
17,831_0,17,764,1028,1302,2058,3162,2474,617
12,833_0,16,367,644,529,2885,2145,1250,312
12,838_0,12,331,709,470,3054,1869,981,268
3,842_0,3,672,974,1047,2134,1533,1187,584
11,847_0,11,167,338,397,1213,1532,1008,97
4,851_0,4,660,986,1100,1664,1732,1511,468
12,855_0,9,480,712,786,2233,2884,1911,361
17,856_0,12,607,998,1138,2312,2849,2009,460
0,861_0,0,413,386,150,47,21,12,407
2,863_0,17,344,590,365,3335,1780,981,347
12,866_0,11,494,779,799,2251,3055,2021,403
9,867_0,9,168,222,179,1447,622,327,131
3,872_0,3,264,578,605,1810,1316,915,161
17,877_0,17,436,552,661,1067,1854,1597,397
4,878_0,4,652,947,1002,1855,1489,1142,542
0,881_0,0,319,270,101,34,20,12,314
3,882_0,11,436,710,749,1510,1661,1030,328
12,883_0,11,429,655,518,2081,2346,1458,399
8,889_0,8,93,190,134,1641,463,211,50
17,893_0,3,573,823,1011,1458,2012,1724,501
12,894_0,11,382,641,714,2293,2822,1780,266
0,899_0,0,638,829,732,161,20,16,506
12,900_0,12,744,1113,1250,2755,3309,2443,615
17,901_0,11,419,605,659,1258,2165,1610,340
11,907_0,3,427,620,476,2098,1570,979,397
8,910_0,8,95,224,179,1325,836,395,70
5,915_0,11,1310,1737,1807,2091,1565,990,1180
12,916_0,2,447,727,695,2461,2874,1659,391
0,917_0,0,243,174,85,50,27,17,256
11,923_0,11,335,664,737,2296,2287,1344,210
3,934_0,4,440,622,627,1681,1216,849,365
11,939_0,12,340,492,579,1101,2042,1672,251
11,941_0,11,380,543,489,2091,2187,1237,346
11,942_0,11,236,488,478,1560,1626,988,144
12,945_0,12,399,709,477,3198,2526,1395,383
17,946_0,3,515,841,1022,2121,2092,1782,444
11,949_0,9,192,416,472,1614,1667,995,102
8,958_0,8,59,162,98,1967,451,170,16
9,960_0,9,172,239,206,761,669,378,144
8,961_0,8,58,74,44,287,116,54,73
0,967_0,0,553,583,235,47,24,10,445
12,975_0,12,353,665,541,2524,2214,1279,294
17,978_0,19,402,452,523,975,1582,1247,366
11,979_0,11,180,337,335,1285,1377,879,87
11,984_0,12,508,726,641,2211,2599,1767,469
9,999_0,11,207,383,375,1183,1326,901,123
9,1000_0,11,207,465,492,1875,1792,1062,106
9,1002_0,2,159,284,275,1365,649,381,106
4,1010_0,5,1330,1669,1704,2312,2814,2723,1228
0,1013_0,0,364,360,106,25,24,14,311
17,1023_0,11,302,502,419,3166,1975,990,232
3,1025_0,11,213,383,349,1513,1135,645,143
3,1026_0,2,259,507,469,2399,1145,653,207
11,1027_0,11,187,328,343,1066,1282,816,139
0,1030_0,0,286,292,120,68,51,37,251
0,1034_0,0,337,239,92,40,18,7,345
12,1043_0,12,499,751,730,2032,2301,1575,437
7,1046_0,8,134,179,108,1005,444,172,136
8,1051_0,9,137,292,210,2327,995,432,97
11,1055_0,17,456,649,697,1905,2360,1675,396
8,1056_0,8,120,255,182,2336,735,303,67
8,1057_0,17,202,345,273,2311,1155,585,184
12,1058_0,12,704,1058,1212,2506,2907,2254,601
0,1061_0,0,243,366,263,137,93,71,196
0,1062_0,0,580,790,719,156,27,16,472
9,1063_0,9,162,231,179,1503,693,358,136
17,1068_0,12,337,670,638,3909,2132,1158,243
17,1070_0,3,360,509,516,1830,1468,1016,329
9,1075_0,9,48,162,156,994,485,279,-18
3,1078_0,4,286,490,479,1418,897,662,216
12,1085_0,12,378,748,724,2999,3225,1931,272
12,1100_0,12,397,625,605,2078,2260,1531,347
12,1101_0,12,583,890,912,2966,2892,1746,474
0,1103_0,0,405,290,112,42,21,13,401
17,1119_0,2,280,452,421,2321,1245,728,205
5,1122_0,5,946,1096,1151,1249,1596,1435,852
0,1126_0,0,409,372,135,52,29,18,357
3,1128_0,4,224,607,678,1331,1199,948,40
9,1133_0,11,200,367,278,2270,1267,623,148
17,1135_0,17,377,585,431,3214,1849,1081,360
11,1137_0,17,315,515,543,1626,2060,1347,245
17,1145_0,17,471,656,738,1581,1878,1446,419
11,1146_0,12,378,753,709,2775,2132,1147,241
4,1154_0,0,566,812,896,1044,1094,948,510
3,1164_0,4,408,727,757,1778,1542,1169,209
0,1166_0,0,225,163,68,33,26,14,228
17,1173_0,17,342,485,535,1199,1652,1369,282
17,1175_0,17,332,506,520,1843,1530,954,278
8,1176_0,2,43,103,67,1091,271,98,17
3,1180_0,16,588,843,652,3199,2008,1162,521
11,1186_0,9,206,360,386,1256,1371,928,144
3,1209_0,3,305,477,469,1761,1023,674,240
11,1210_0,11,257,447,558,1468,1854,1149,147
4,1212_0,3,348,528,539,1526,946,614,231
0,1225_0,0,557,582,285,63,27,13,488
11,1232_0,17,446,659,861,1779,2271,1779,357
17,1234_0,3,377,633,702,2649,1632,998,301
17,1242_0,9,298,459,514,1441,1712,1112,235
9,1246_0,11,250,418,438,1545,1577,978,182
8,1261_0,9,123,227,183,1100,768,378,66
0,1263_0,0,144,231,116,57,54,37,105
4,1265_0,4,635,904,1118,1708,1579,1467,426
19,1267_0,17,446,549,568,1485,1773,1252,393
17,1269_0,17,711,940,1199,1877,3130,2440,566
0,1272_0,0,475,660,570,139,50,31,375
17,1276_0,12,328,447,520,1114,1275,1200,264
11,1280_0,11,391,594,547,2865,2168,1175,353
17,1288_0,17,431,624,733,1821,1901,1489,338
9,1292_0,8,53,99,81,611,332,168,13
12,1293_0,17,247,288,388,1110,1829,1064,239
11,1295_0,17,241,536,348,2927,1740,965,208
0,1296_0,0,588,731,519,84,21,16,504
2,1298_0,0,214,385,334,2051,916,456,162
17,1303_0,12,350,544,372,1647,1532,956,349
9,1306_0,9,119,249,211,1941,903,439,52
11,1315_0,11,210,387,359,1652,1683,1042,136
11,1319_0,17,445,662,783,1695,2366,2059,349
12,1323_0,12,679,1091,1294,2900,3831,2542,501
12,1344_0,2,768,1135,1162,2636,2643,1766,655
17,1345_0,12,463,748,785,1700,2204,1680,364
11,1350_0,2,213,558,532,2675,2045,1155,77
9,1353_0,8,154,292,246,2195,1046,495,104
5,1359_0,4,674,695,782,1060,1094,816,492
12,1363_0,17,400,758,493,3547,1985,1010,366
0,1368_0,0,168,164,127,115,96,71,173
8,1370_0,11,217,360,327,2439,1209,573,159
11,1372_0,12,464,635,558,1679,2241,1600,421
9,1376_0,9,91,231,185,1343,860,439,41
4,1381_0,4,495,689,917,1608,1323,1115,467
11,1383_0,9,288,441,490,1778,1931,1310,237
0,1387_0,0,658,547,482,452,492,599,695
8,1393_0,11,156,151,81,378,129,66,169
17,1394_0,17,301,405,512,839,1437,1184,252
17,1396_0,17,335,580,374,3387,1983,994,301
3,1397_0,4,420,629,678,1464,1227,951,346
5,1398_0,16,1009,1311,1476,1859,2352,1927,838
17,1403_0,17,418,602,770,1161,2036,1802,353
11,1408_0,17,335,590,436,2792,1964,1030,306
8,1410_0,17,141,345,219,2628,806,388,80
12,1412_0,12,681,1128,1246,2929,3377,2241,515
5,1414_0,5,1098,1277,1365,1589,1697,1475,957
12,1422_0,12,350,758,629,3052,2944,1723,257
8,1426_0,8,41,208,135,2054,757,304,-19
12,1427_0,12,597,896,982,2313,2878,1812,466
12,1433_0,12,907,1460,1849,3516,4514,3107,670
4,1437_0,4,443,743,868,1637,1226,1008,357
12,1438_0,12,364,665,719,2077,2588,1617,278
0,1443_0,0,575,730,550,103,30,18,494
8,1449_0,8,112,205,132,2026,615,250,64
4,1452_0,4,427,587,577,969,721,613,364
11,1459_0,8,195,320,361,1167,1546,1031,111
17,1464_0,3,423,567,513,2044,1649,1115,365
11,1465_0,2,221,346,347,1055,799,558,157
8,1472_0,8,74,119,64,753,323,150,63
17,1477_0,17,311,521,519,2354,1503,991,250
17,1481_0,12,892,1256,1399,2379,2783,2267,711
0,1484_0,0,265,265,145,108,100,76,274
0,1488_0,0,474,516,250,61,27,12,407
12,1490_0,12,422,631,544,2248,2073,1175,368
8,1495_0,9,274,327,260,1798,1325,654,271
2,1499_0,17,623,869,1044,1625,2211,1684,484
0,1500_0,0,594,681,479,101,46,37,508
9,1501_0,11,148,286,283,1467,1034,556,121
17,1503_0,17,515,658,700,1473,1777,1398,472
0,1510_0,0,466,512,237,48,15,12,397
8,1514_0,8,56,80,69,340,266,138,33
9,1518_0,2,312,438,366,1940,1233,691,303
12,1520_0,12,597,1022,1305,2914,3621,2347,419
0,1523_0,4,563,738,666,251,202,187,451
9,1524_0,2,184,332,308,2062,1024,517,135
0,1527_0,0,333,318,94,31,15,12,305
17,1530_0,17,434,589,716,1072,1633,1281,390
12,1548_0,12,445,741,566,2848,2437,1370,400
9,1550_0,9,134,335,231,2648,1242,546,74
0,1552_0,0,366,231,98,49,22,15,384
8,1553_0,8,85,219,144,2436,668,248,43
11,1560_0,11,261,534,520,1938,1790,1091,200
17,1568_0,17,384,558,500,2056,1855,1258,376
5,1583_0,5,872,1102,1182,1282,1594,1370,778
12,1588_0,2,418,685,574,2421,1928,1130,334
4,1593_0,4,701,894,956,1662,1577,1213,568
17,1595_0,17,541,687,841,1314,2441,1897,455
8,1598_0,8,109,204,127,1542,602,253,85
9,1599_0,9,100,261,227,2183,1171,539,54
12,1600_0,12,443,705,674,2152,2257,1342,359
4,1613_0,4,1103,1524,1854,2316,2779,2321,918
0,1616_0,0,197,402,199,222,50,40,193
19,1622_0,17,255,268,311,810,931,589,273
12,1630_0,17,445,695,557,2384,2078,1215,414
11,1632_0,11,340,573,630,2049,2193,1317,242
17,1634_0,17,418,622,769,1151,1874,1532,354
11,1639_0,17,306,503,504,1959,2112,1358,262
17,1653_0,17,179,546,278,3434,1372,690,142
0,1655_0,0,290,323,217,107,44,23,289
17,1661_0,17,394,616,695,1333,1623,1210,327
17,1663_0,11,301,589,583,2375,1698,1044,240
12,1665_0,12,329,752,402,3632,1896,984,295
3,1676_0,3,430,556,551,2015,1265,785,378
8,1683_0,8,68,154,77,1553,477,185,41
9,1689_0,9,57,158,133,1043,703,348,8
17,1697_0,3,222,381,298,2138,1254,657,188
12,1699_0,6,499,836,1032,1911,2175,1536,374
9,1701_0,9,33,92,85,402,277,168,3
12,1703_0,12,804,1187,1467,2531,3405,2186,611
8,1705_0,8,103,170,110,1764,605,265,76
5,1706_0,5,1569,1747,1802,1884,1878,1694,1397
17,1709_0,9,239,487,425,2203,1633,951,182
8,1718_0,8,58,152,99,1315,387,154,29
4,1725_0,4,711,863,914,1660,1358,1096,650
4,1726_0,4,666,1003,1100,1756,1856,1551,540
0,1734_0,0,570,723,550,97,24,11,476
17,1739_0,17,309,368,419,615,1417,1342,274
12,1740_0,16,382,666,650,2280,2141,1364,320
11,1746_0,11,154,343,378,1699,1738,1044,60
11,1750_0,12,279,442,487,1302,1910,1384,199
8,1753_0,8,57,139,101,1172,321,142,19
9,1760_0,9,284,401,345,2388,1666,874,250
0,1774_0,0,272,297,172,76,62,54,268
11,1779_0,17,249,464,570,1509,2158,1880,136
11,1795_0,11,323,584,697,2106,2687,1723,187
3,1798_0,17,323,560,421,4264,990,492,239
17,1805_0,12,347,633,603,2695,2222,1443,248
0,1816_0,0,434,376,129,51,29,16,368
8,1817_0,8,27,66,52,808,242,86,-14
9,1818_0,11,72,243,238,1747,981,527,1
12,1820_0,17,627,809,965,1684,2997,2388,521
8,1827_0,9,115,207,146,1591,595,290,97
17,1828_0,17,377,618,587,2464,1549,949,320
17,1829_0,12,401,580,781,1345,1952,1568,340
2,1831_0,8,115,306,300,1964,1453,748,32
11,1832_0,11,330,522,467,2154,2100,1196,265
0,1835_0,0,204,153,76,48,30,25,222
11,1843_0,11,139,298,307,1322,1057,623,71
8,1850_0,9,182,274,237,1850,973,477,133
17,1862_0,17,480,671,788,1440,2038,1608,384
5,1866_0,5,1321,1478,1538,1838,1914,1688,1152
9,1868_0,9,133,216,161,1077,737,366,89
4,1871_0,4,528,671,724,1440,1097,840,411
11,1873_0,17,399,528,552,1460,1951,1470,342
9,1877_0,9,55,171,171,964,650,373,-25
12,1878_0,11,347,696,721,2369,2318,1377,204
9,1881_0,12,249,398,357,1228,1101,604,199
11,1888_0,11,410,649,841,1893,2691,1918,284
12,1890_0,2,294,748,459,4673,1988,1064,265
0,1893_0,0,256,178,81,50,30,23,251
11,1896_0,11,173,377,444,1562,1727,1017,81
17,1897_0,17,368,507,476,1521,1438,959,341
9,1906_0,2,215,375,364,1599,949,568,174
0,1907_0,0,362,488,349,103,35,22,318
17,1910_0,17,506,780,754,2545,2211,1605,430
12,1915_0,17,453,712,809,2326,2490,1994,374
17,1929_0,17,260,502,407,2235,1614,837,244
17,1939_0,17,524,730,857,1800,2217,1714,446
8,1945_0,11,79,219,221,1159,1011,596,12
3,1948_0,4,229,556,577,1605,1147,843,76
17,1952_0,17,473,536,581,936,1456,1370,448
0,1955_0,0,374,501,354,86,31,25,311
2,1960_0,3,224,335,311,1698,800,443,137
12,1962_0,12,297,609,430,2755,2201,1316,218
8,1963_0,8,98,112,70,760,234,98,71
17,1964_0,17,674,1037,1201,2348,2923,2362,569
17,1968_0,12,241,532,376,3151,1432,736,189
17,1972_0,17,341,529,706,1089,1306,1030,247
2,1974_0,2,304,514,478,1881,1220,758,240
11,1978_0,17,337,509,502,2167,1916,1185,282
12,1982_0,17,373,712,431,4170,1981,995,337
12,1983_0,12,409,625,493,2481,2217,1273,345
11,1995_0,9,284,482,472,1998,1861,1117,176
17,1997_0,17,492,800,797,2419,2191,1578,403
9,1998_0,11,202,291,253,1147,735,403,184
3,1999_0,4,474,775,761,2170,1498,998,343
0,2006_0,0,288,213,97,56,34,25,282
12,2008_0,17,437,671,558,2730,1975,1150,403
11,2021_0,2,238,423,320,3253,1453,708,191
8,2025_0,8,115,190,128,1996,605,228,77
4,2027_0,4,814,1070,1170,1706,1776,1477,721
4,2035_0,4,820,1050,1120,1310,1704,1453,715
3,2036_0,2,155,384,249,2288,1115,538,110
8,2047_0,8,87,199,129,1641,546,226,60
12,2053_0,12,494,674,691,1740,2553,1914,425
17,2057_0,17,514,670,855,1308,1859,1550,410
11,2060_0,11,413,645,526,2796,2332,1296,375
0,2062_0,0,356,249,102,43,21,13,365
8,2068_0,2,119,212,141,1913,536,227,97
17,2070_0,17,298,531,282,4097,1709,735,300
17,2078_0,4,724,1024,1230,1959,2561,2372,608
17,2086_0,8,251,468,443,1998,1592,864,196
12,2090_0,12,324,727,322,4067,1718,816,330
11,2093_0,11,376,521,505,1495,1954,1284,351
8,2094_0,8,84,230,152,2380,732,287,49
5,2103_0,5,894,1101,1228,1438,1548,1394,774
12,2106_0,12,378,695,709,2277,3143,1944,270
11,2108_0,12,446,737,852,1857,2471,1745,319
9,2109_0,2,93,236,209,1483,720,399,55
17,2114_0,17,496,639,687,1981,1852,1348,454
0,2116_0,19,479,663,544,120,51,36,394
17,2126_0,3,354,550,615,1573,1462,1049,285
4,2128_0,5,548,690,691,1295,1383,1189,511
9,2132_0,11,282,414,409,1149,1232,756,236
8,2138_0,8,101,271,184,2207,629,252,65
17,2141_0,12,409,679,589,2153,1840,1069,355
12,2147_0,12,370,769,532,3186,2258,1217,307
8,2148_0,11,16,269,265,1213,1247,819,-94
5,2150_0,19,1812,2092,1608,842,395,238,1534
0,2154_0,0,457,593,393,67,18,14,362
12,2160_0,12,361,782,502,3616,2297,1268,297
17,2162_0,17,490,608,725,1129,1862,1677,454
17,2165_0,8,199,380,299,2213,1475,744,172
17,2170_0,11,338,713,803,2189,2087,1318,218
8,2177_0,9,106,207,201,1072,910,545,47
12,2178_0,17,410,799,728,2585,1672,972,316
17,2181_0,12,249,595,425,3353,1646,867,185
12,2185_0,11,537,938,1168,2166,2852,1904,356
11,2186_0,11,415,584,590,1778,2257,1380,351
11,2195_0,9,60,211,211,1257,791,428,-9
17,2200_0,16,302,638,294,3028,1459,695,279
0,2204_0,0,285,197,102,56,44,29,341
0,2205_0,0,553,523,216,62,28,15,484
12,2207_0,12,414,825,679,3702,2909,1598,330
12,2216_0,12,704,1093,1196,3013,3404,2099,575
12,2218_0,12,396,736,602,2530,2355,1364,351
17,2220_0,17,426,706,640,2325,1916,1355,363
2,2221_0,11,375,550,490,2379,1569,880,319
3,2234_0,8,334,443,393,1527,1412,836,285
17,2240_0,12,379,718,669,2288,1714,1170,333
0,2241_0,0,235,206,105,33,17,9,245
12,2245_0,12,413,872,549,4169,2560,1403,369
3,2247_0,4,469,620,607,1531,1147,832,396
17,2248_0,17,434,553,701,1115,1609,1384,362
9,2253_0,8,260,389,296,2242,1261,593,228
0,2255_0,0,274,176,92,46,27,22,312
3,2256_0,3,444,710,767,1771,1466,1190,329
12,2257_0,12,451,742,589,2852,2927,1772,398
12,2260_0,4,244,520,451,1758,1329,767,121
9,2261_0,3,259,519,524,1854,1593,1159,149
11,2262_0,17,296,559,462,2457,1786,1128,238
9,2282_0,9,169,356,239,2708,1238,514,132
2,2285_0,2,218,391,373,1687,1032,607,132
12,2295_0,12,328,677,534,2667,2396,1362,252
0,2296_0,0,298,266,112,41,24,13,295
12,2297_0,2,489,787,764,2978,2400,1485,403
11,2308_0,9,88,214,256,1154,1204,735,26
12,2315_0,12,361,701,554,2579,2565,1478,294
8,2323_0,9,170,330,249,2282,1218,575,117
12,2360_0,12,431,845,792,2952,2861,1762,300
17,2361_0,17,863,1150,1427,2089,2964,2549,701
11,2362_0,9,30,115,131,507,452,278,-12
17,2370_0,2,597,878,978,2236,2778,2042,494
9,2377_0,12,258,419,373,1418,1363,894,241
11,2378_0,9,231,385,430,1279,1411,933,158
0,2379_0,0,372,280,102,37,27,13,389
17,2388_0,19,379,453,538,1293,1550,1158,345
8,2390_0,8,64,163,107,1771,514,198,21
12,2391_0,12,610,1027,1095,3047,3603,2252,479
0,2394_0,0,420,410,144,35,19,12,357
3,2396_0,3,468,693,696,1795,1265,911,403
17,2406_0,17,271,474,383,2621,1482,756,224
11,2407_0,11,323,502,490,1928,2044,1224,239
5,2414_0,5,726,979,1017,1436,1354,1098,665
5,2424_0,4,1135,1386,1573,1820,2110,1833,981
12,2428_0,12,469,902,777,3273,3008,1701,373
3,2432_0,4,417,635,669,1698,1138,887,290
4,2434_0,4,500,746,838,1528,1481,1177,390
0,2441_0,0,213,159,83,54,32,25,225
12,2445_0,11,342,656,718,1896,2245,1373,219
9,2449_0,11,202,358,311,1994,1473,761,160
3,2451_0,2,381,758,752,2243,1126,747,295
12,2459_0,12,245,400,383,1174,1227,820,208
12,2462_0,3,531,920,797,3854,2777,1605,455
0,2464_0,0,484,549,301,56,44,36,412
17,2471_0,17,351,406,446,874,1483,1235,324
5,2476_0,4,928,1086,1168,1352,1580,1403,828
0,2477_0,0,240,199,92,55,34,24,236
9,2482_0,8,212,380,281,2588,1267,591,187
2,2489_0,17,325,558,401,2200,1580,889,282
0,2497_0,0,541,524,220,55,24,15,469
11,2501_0,11,230,371,339,906,1127,811,197
0,2503_0,0,228,201,92,52,39,28,223
17,2510_0,17,453,663,808,1305,1944,1561,383
8,2513_0,8,92,260,178,2511,864,353,37
8,2519_0,9,153,283,240,1003,821,473,106
19,2522_0,19,401,481,506,1305,1092,726,367
12,2525_0,12,534,835,722,2993,3028,1877,463
12,2526_0,12,287,598,474,2414,1939,1202,242
9,2529_0,11,121,208,138,1195,680,320,87
3,2532_0,2,317,431,415,1995,1119,732,239
2,2533_0,12,513,726,646,2393,2152,1353,464
9,2534_0,11,160,428,466,1549,1541,1042,35
3,2537_0,3,471,697,686,1689,1343,910,354
9,2541_0,2,16,166,119,1405,570,310,-59
12,2543_0,12,387,663,684,1702,2467,1695,311
3,2550_0,4,833,957,1014,2228,1537,961,708
8,2559_0,11,287,425,302,1530,1344,719,261
9,2566_0,11,143,285,206,1667,972,476,107
4,2574_0,4,781,1016,1063,1888,1644,1256,702
0,2576_0,0,305,206,115,61,47,31,345
0,2577_0,0,471,350,131,49,19,13,415
0,2583_0,0,229,192,92,32,20,11,263
17,2588_0,16,377,544,597,1513,1858,1310,321
12,2594_0,12,390,776,574,3317,2560,1423,301
17,2600_0,17,441,699,676,2590,2222,1357,384
0,2601_0,0,536,605,323,63,25,15,437
4,2620_0,4,468,559,651,818,828,687,419
9,2621_0,12,119,238,234,1229,962,547,70
11,2622_0,11,220,312,357,886,1234,916,166
8,2624_0,9,79,154,107,1091,445,227,57
17,2635_0,12,294,554,434,1988,1611,929,241
0,2639_0,0,458,505,241,53,17,11,398
0,2643_0,0,325,278,106,49,21,15,308
12,2655_0,12,816,1323,1510,3057,3870,2499,595
17,2656_0,17,365,496,508,1204,1641,1232,325
0,2659_0,0,537,699,579,96,14,11,418
0,2672_0,0,511,496,202,40,22,15,415
0,2675_0,0,284,178,97,45,34,22,321
12,2679_0,2,489,798,633,2738,2165,1318,420
11,2684_0,17,436,609,662,1928,2275,1575,387
9,2685_0,8,25,99,107,508,415,240,-46
4,2689_0,5,606,840,1015,1654,1613,1329,369
8,2695_0,8,122,213,183,1293,814,429,88
0,2699_0,0,494,476,183,44,19,14,414
11,2700_0,12,319,489,519,1128,1295,809,236
17,2705_0,17,504,681,710,1926,1891,1324,424
0,2711_0,0,555,704,644,336,369,326,461
11,2714_0,2,296,503,495,2080,2127,1455,262
12,2727_0,12,452,774,656,2750,2902,1767,403
12,2735_0,11,576,960,1155,2622,3367,2477,451
12,2739_0,12,498,856,877,2567,2734,1651,365
17,2741_0,17,713,1056,1383,2025,3424,3014,575
17,2743_0,17,474,605,641,1548,1697,1320,434
17,2753_0,2,433,793,619,2829,2216,1313,383
0,2760_0,0,245,218,90,43,28,19,259
19,2761_0,0,395,527,484,458,226,134,335
8,2763_0,8,173,324,248,2198,1064,490,116
11,2764_0,9,253,443,483,1509,1798,1237,159
12,2768_0,12,505,851,826,2493,3115,2022,423
3,2771_0,3,474,706,853,1905,1661,1250,420
3,2777_0,17,300,627,498,1647,1110,750,215
12,2779_0,12,648,987,1092,3412,3812,2222,515
17,2782_0,17,400,529,632,1488,1773,1284,354
11,2785_0,12,353,628,657,1953,2624,1702,262
9,2788_0,9,157,343,306,1711,1397,758,113
4,2794_0,3,677,820,851,1775,1451,1081,583
9,2800_0,11,226,427,516,1520,1630,983,116
17,2806_0,17,582,836,1103,1699,2745,2600,484
9,2807_0,11,167,264,223,1184,725,372,102
0,2810_0,0,252,203,94,54,35,26,238
12,2816_0,11,430,829,595,3843,2430,1334,361
11,2824_0,11,242,461,526,1732,2471,1640,146
4,2828_0,4,506,763,785,1741,1252,981,379
17,2837_0,17,728,1116,1231,2055,2313,1872,599
8,2844_0,9,136,252,189,2148,966,437,77
4,2846_0,4,480,673,722,1401,1163,877,391
0,2847_0,0,553,668,434,74,24,10,457
0,2849_0,0,470,480,218,68,34,22,417
8,2858_0,8,104,221,148,2452,746,306,59
0,2859_0,0,386,465,265,44,18,13,328
0,2864_0,0,281,174,93,45,29,21,329
0,2865_0,0,203,159,81,42,29,21,229
17,2883_0,17,573,716,867,1343,2308,1950,482
11,2901_0,9,201,397,365,2215,1929,1138,116
8,2905_0,11,187,373,231,2305,1094,487,163
17,2909_0,17,298,433,512,1254,1565,1233,259
2,2920_0,17,241,384,345,1600,989,629,187
12,2922_0,12,307,699,464,2918,2352,1325,238
5,2931_0,5,829,1212,1298,1714,1664,1172,778
3,2934_0,2,609,779,717,3467,1976,1175,520
8,2935_0,9,51,112,113,552,450,232,3
9,2939_0,8,45,174,203,1048,922,551,-25
3,2946_0,4,549,765,770,1485,1065,808,416
12,2954_0,12,423,679,688,2332,2510,1668,337
5,2960_0,4,1227,1633,1839,2512,2350,1753,1132
5,2965_0,5,980,1238,1276,1502,1281,941,789
11,2970_0,17,328,437,538,895,2202,2156,274
3,2978_0,4,544,861,937,1811,1433,1093,402
9,2987_0,9,58,192,145,1597,839,385,4
11,2990_0,11,344,635,737,1986,2307,1433,218
9,2992_0,9,194,398,379,1951,1482,794,124
9,2993_0,11,257,449,362,2101,1668,900,222
0,2997_0,0,356,372,165,52,22,13,365
0,2999_0,0,531,761,747,825,514,335,413
11,3001_0,12,304,489,398,1942,1469,875,254
12,3004_0,11,538,804,930,2325,3001,1877,429
0,3006_0,0,396,382,141,72,34,25,345
11,3007_0,9,56,98,108,370,391,254,9
3,3011_0,11,152,320,334,1830,1102,616,56
17,3014_0,2,330,326,353,614,1877,1845,337
17,3018_0,17,402,553,662,985,1721,1552,335
0,3022_0,0,266,352,264,78,39,34,230
3,3029_0,4,423,579,613,1112,1020,795,388
8,3031_0,11,214,333,247,2427,1075,510,184
3,3032_0,4,588,839,833,2568,2170,1392,532
3,3045_0,4,518,748,816,1558,1170,858,396
11,3051_0,11,151,337,378,1222,1246,829,81
12,3057_0,12,381,799,429,4227,2394,1195,367
11,3060_0,11,133,337,373,1284,1244,705,59
0,3063_0,0,301,246,107,58,31,18,278
17,3065_0,17,328,534,570,2153,1680,1061,264
12,3074_0,12,658,1178,1390,3342,3910,2413,481
0,3078_0,0,505,482,175,54,27,14,415
9,3084_0,9,155,370,349,1297,957,618,117
17,3085_0,3,333,550,651,2077,1577,1041,238
4,3087_0,4,709,906,987,1080,1268,1135,615
8,3090_0,8,105,237,156,2276,799,324,72
9,3093_0,9,37,183,227,1161,808,419,-32
8,3095_0,8,70,169,112,1982,458,168,48
5,3097_0,5,2006,2407,2584,2764,2786,2211,1800
19,3101_0,0,310,523,587,748,717,439,238
3,3102_0,4,584,902,993,2481,1663,1173,420
8,3108_0,8,103,258,180,3308,904,356,62
8,3109_0,9,69,164,122,1301,617,280,14
17,3110_0,19,434,512,624,1201,2259,1668,378
0,3113_0,0,567,602,301,69,33,22,482
9,3118_0,11,277,393,391,1623,1449,849,225
11,3124_0,11,160,319,330,1240,1601,1030,87
8,3129_0,12,281,441,336,1714,1301,806,256
11,3131_0,11,244,434,457,1605,1703,1074,159
0,3132_0,0,792,828,634,240,79,39,662
0,3133_0,0,499,410,151,50,28,17,464
17,3139_0,17,310,493,507,2034,1563,918,301
0,3142_0,0,561,629,351,134,81,57,481
12,3147_0,12,432,680,602,2117,2197,1382,374
9,3153_0,11,195,398,382,1738,1381,802,122
3,3157_0,17,527,782,853,2438,1674,1127,438
9,3164_0,8,69,194,136,1502,739,342,39
0,3166_0,0,325,201,100,46,32,27,369
0,3172_0,0,389,342,135,44,20,14,388
9,3177_0,9,99,212,203,1200,780,450,41
0,3178_0,0,719,891,965,811,30,17,621
9,3181_0,9,212,452,479,2080,1471,787,109
9,3182_0,9,133,362,287,2010,1438,777,76
0,3184_0,0,498,566,296,57,26,16,428
0,3190_0,0,233,179,88,52,36,22,239
12,3192_0,12,427,804,617,2851,2581,1502,339
0,3197_0,0,448,522,259,53,22,11,379
11,3199_0,12,474,843,973,2584,3062,1948,328
17,3204_0,17,640,941,1226,1822,2241,1897,517
5,3210_0,4,1046,1469,1589,1744,1872,1714,916
9,3212_0,9,193,296,272,1346,1067,577,176
11,3213_0,17,242,573,379,3227,1749,994,177
9,3215_0,9,72,193,195,1085,774,416,26
9,3230_0,8,128,292,265,1650,1096,592,35
12,3232_0,12,491,786,660,2683,2479,1482,443
17,3241_0,12,647,1044,1190,2335,2827,1846,456
11,3242_0,2,188,257,238,880,573,381,160
3,3244_0,3,433,609,651,1578,1174,858,384
0,3245_0,0,304,212,89,40,17,15,339
12,3247_0,17,348,607,535,3051,2239,1209,275
17,3249_0,3,377,478,558,1679,1490,980,315
0,3252_0,0,203,159,77,50,37,26,223
17,3265_0,3,686,1006,1131,1901,2189,1802,572
11,3268_0,9,313,590,663,1764,2045,1334,219
17,3271_0,12,454,791,1026,2184,2231,1876,375
17,3272_0,17,319,517,310,3744,1768,815,320
8,3279_0,8,57,131,90,1114,307,130,14
12,3281_0,12,459,762,652,2430,2285,1396,387
2,3285_0,2,226,362,320,1786,757,432,196
17,3288_0,17,266,443,373,2057,1532,836,243
17,3293_0,17,426,661,525,2668,1987,1277,387
4,3298_0,4,756,997,1059,1773,1688,1381,630
17,3303_0,17,374,671,687,2076,1671,1086,281
17,3306_0,17,385,512,521,1510,1769,1329,365
4,3312_0,3,571,812,937,1676,1709,1287,424
17,3313_0,19,419,564,626,1628,1705,1063,342
17,3320_0,17,396,483,550,852,1101,894,371
2,3322_0,12,506,844,834,2189,2194,1394,382
17,3323_0,19,421,519,608,1530,1835,1215,361
11,3329_0,12,466,622,555,1656,1943,1308,431
11,3338_0,3,305,487,487,2171,1306,798,211
17,3367_0,17,370,663,703,2206,1783,1307,288
0,3372_0,0,449,529,251,88,47,34,395
4,3380_0,4,520,709,758,1586,1407,1061,449
12,3384_0,17,318,584,416,2527,1925,1136,279
0,3391_0,0,444,602,404,79,26,15,355
17,3401_0,17,339,493,481,1461,1537,1006,310
11,3407_0,11,442,588,519,2157,2119,1190,414
4,3408_0,4,651,1007,1096,1612,1481,1171,471
12,3409_0,12,556,875,811,2981,2959,1747,461
9,3411_0,9,207,373,390,1235,1310,791,126
11,3413_0,12,435,618,675,1934,2444,1530,370
4,3414_0,4,654,986,1166,1638,1756,1539,531
12,3416_0,12,523,867,1004,2054,2163,1435,383
12,3417_0,12,472,676,722,2005,2776,1816,403
8,3421_0,8,48,158,123,1639,622,242,7
12,3423_0,12,459,711,798,2180,2622,1856,364
17,3430_0,17,448,519,606,959,1902,1923,422
17,3436_0,11,330,455,466,1926,1700,935,287
0,3439_0,0,301,253,108,56,34,24,281
5,3440_0,3,1976,1969,2089,2899,2546,1809,1772
0,3441_0,0,239,238,114,55,33,23,235
12,3442_0,12,423,743,609,2470,2210,1312,359
8,3448_0,11,178,343,240,1867,974,487,136
8,3451_0,2,190,228,198,1199,645,338,173
17,3454_0,17,305,558,357,2633,1454,755,303
4,3456_0,4,345,699,684,1595,1217,883,134
12,3464_0,12,335,701,532,2851,2209,1200,268
11,3467_0,11,283,468,480,1717,2023,1280,202
17,3474_0,17,398,640,500,2438,1676,1037,367
9,3485_0,8,49,179,178,1495,827,410,-31
17,3491_0,17,224,302,327,568,1310,1135,213
4,3496_0,4,637,859,878,1672,1247,913,538
8,3502_0,8,85,253,184,2462,937,409,49
16,3506_0,16,550,721,848,1725,3111,2298,479
8,3521_0,8,62,150,91,1370,350,144,41
9,3522_0,8,185,343,317,1983,1427,808,124
12,3523_0,11,144,423,520,2378,1877,1013,27
9,3527_0,9,130,317,298,2043,1397,727,65
17,3530_0,11,307,418,434,1294,1657,1045,265
17,3531_0,17,269,401,503,865,1567,1357,216
17,3536_0,17,365,562,475,3022,1926,1000,334
0,3539_0,0,301,247,84,48,35,23,265
8,3545_0,8,23,75,46,820,236,97,-4
0,3557_0,0,482,549,293,49,21,12,387
12,3558_0,12,387,706,731,2305,2547,1601,285
8,3563_0,2,167,257,230,1609,581,271,142
11,3565_0,12,463,705,794,2017,3144,2109,364
0,3568_0,0,448,627,439,77,25,19,344
0,3573_0,0,478,426,156,44,18,13,395
17,3574_0,17,372,552,547,1785,1575,1061,321
2,3583_0,2,218,307,276,1615,781,438,174
0,3586_0,0,437,587,442,91,34,17,354
8,3590_0,8,88,268,231,2077,1012,473,30
11,3592_0,9,294,539,487,2089,1852,1176,205
0,3593_0,0,245,172,81,43,36,21,242
8,3597_0,8,5,70,54,641,209,98,-26
0,3603_0,0,499,561,225,49,21,14,411
9,3607_0,9,121,212,210,1088,830,473,76
0,3609_0,0,486,351,119,47,21,17,461
12,3617_0,11,321,508,542,1439,2232,1531,244
11,3620_0,17,365,594,541,2414,2220,1386,309
8,3623_0,8,60,161,122,1618,488,218,32
11,3624_0,11,274,458,483,1329,1981,1345,200
8,3628_0,8,112,193,156,1275,675,286,77
3,3629_0,17,390,516,473,1184,1176,896,356
17,3639_0,12,485,774,728,2140,2080,1423,409
17,3653_0,2,400,629,465,2132,1632,1036,381
11,3654_0,9,267,496,516,2118,1873,1090,168
8,3667_0,8,61,186,125,2395,566,218,36
11,3678_0,17,441,742,1044,1890,2952,2669,332
8,3687_0,8,111,176,115,1624,583,235,64
11,3688_0,12,257,574,411,2600,2046,1146,190
17,3695_0,17,252,420,255,3816,1542,619,247
17,3696_0,17,411,442,500,790,1567,1675,394
3,3705_0,17,587,799,716,2158,1896,1429,558
8,3714_0,8,88,102,51,785,236,95,65
17,3722_0,9,235,404,286,3330,1431,614,199
3,3723_0,19,420,595,581,1528,1499,864,365
17,3734_0,2,322,454,465,1476,1652,1044,263
12,3740_0,12,300,608,459,3203,1784,1092,241
9,3745_0,8,119,207,147,1474,689,338,89
12,3750_0,12,431,823,690,3302,2281,1390,343
9,3752_0,9,192,362,350,1298,1344,849,109
12,3753_0,12,443,747,612,2646,2439,1369,396
17,3755_0,12,301,484,531,1219,1492,940,209
9,3761_0,2,129,268,231,1559,1034,506,94
0,3763_0,0,576,1054,2101,671,119,114,719
12,3768_0,9,315,646,601,3094,2317,1348,252
12,3775_0,12,472,767,725,2233,2437,1541,383
11,3780_0,12,261,470,461,1134,995,590,192
11,3783_0,11,313,518,512,1902,2209,1392,251
17,3800_0,17,537,875,1032,2160,2246,1777,396
9,3806_0,8,-33,14,9,178,71,36,-72
8,3808_0,9,97,164,131,819,574,287,70
12,3810_0,17,399,560,689,1478,2174,1501,307
8,3813_0,17,271,423,376,1809,1461,864,258
12,3814_0,17,323,658,349,4482,1795,777,285
4,3819_0,17,531,658,747,1161,1550,1134,485
5,3823_0,4,540,687,725,1043,1038,879,459
12,3832_0,17,417,544,661,1420,2379,1506,365
3,3833_0,17,810,1042,1260,1932,2428,2079,691
11,3842_0,9,293,597,634,2056,1768,991,172
17,3843_0,17,342,551,566,1761,1640,1101,265
5,3853_0,3,1144,1521,1681,2071,2402,1961,961
5,3854_0,4,1081,1239,1347,1723,2107,1985,970
2,3855_0,4,299,410,474,1990,951,618,180
11,3861_0,11,163,300,329,1274,1277,798,90
9,3862_0,9,214,417,364,2764,1802,872,166
4,3864_0,17,553,915,1240,1668,1825,1522,393
3,3867_0,12,514,674,724,1572,1640,1193,365
9,3870_0,2,84,118,89,339,244,148,81
4,3873_0,3,398,612,644,2015,1266,843,339
17,3885_0,17,995,1359,1704,2392,3087,2946,859
12,3890_0,11,413,623,571,1991,2627,1797,365
8,3891_0,9,125,220,144,1310,582,263,86
17,3894_0,17,360,508,472,1618,1689,1232,321
2,3899_0,4,255,369,300,1353,658,401,234
9,3901_0,9,145,281,221,1171,923,532,100
0,3904_0,0,252,184,90,55,31,19,253
4,3905_0,12,551,832,930,1452,1589,1319,370
17,3917_0,17,850,1129,1309,2131,2539,2217,737
0,3925_0,0,451,534,283,58,25,13,388
12,3929_0,12,419,727,520,2796,2050,1141,365
0,3930_0,0,259,186,84,46,34,21,248
17,3957_0,8,313,511,407,3194,1528,716,241
12,3958_0,17,403,694,505,3209,2609,1457,374
11,3963_0,12,225,502,369,2344,2114,1205,180
11,3968_0,11,178,362,430,1562,1654,1031,112
3,3972_0,17,581,897,1000,1798,1743,1380,453
0,3974_0,0,300,211,92,34,26,11,332
17,3978_0,17,551,1073,1094,3072,2129,1635,417
17,3995_0,17,719,948,1155,2003,2886,2452,613
0,3996_0,0,586,752,628,113,14,7,448
17,4002_0,17,489,633,656,1299,2002,1669,445
12,4005_0,17,381,643,533,2451,2205,1322,329
12,4014_0,11,297,651,686,2524,2774,1591,178
17,4021_0,17,231,557,358,3412,1423,720,171
4,4022_0,4,621,866,918,1636,1399,1096,509
17,4027_0,17,488,713,774,2012,2263,1470,431
17,4038_0,17,311,554,539,2108,1618,990,224
17,4042_0,17,381,528,708,1235,2661,2523,300
12,4044_0,12,407,806,638,3276,2886,1603,333
4,4050_0,3,495,671,628,1744,1247,792,412
0,4079_0,0,292,370,272,110,45,29,276
4,4087_0,3,528,768,829,1665,1565,1182,418
12,4089_0,12,357,742,531,3216,2288,1227,293
0,4098_0,0,607,787,680,136,19,11,506
17,4104_0,17,573,663,731,1014,1704,1649,540
12,4105_0,12,323,612,479,2240,1876,1110,273
3,4107_0,5,333,459,435,1376,750,595,296
0,4116_0,0,438,556,336,53,17,13,339
9,4121_0,11,280,489,460,1911,1642,957,189
11,4123_0,9,402,596,569,2559,2317,1280,307
12,4127_0,12,403,747,525,3134,2392,1398,343
12,4129_0,12,336,653,587,2823,2563,1425,232
17,4132_0,9,271,441,428,2248,1484,828,212
9,4134_0,9,222,383,374,1469,1320,755,160
0,4138_0,0,605,763,632,117,24,13,494
9,4141_0,11,56,158,161,703,545,348,9
8,4158_0,9,68,155,115,971,592,281,26
11,4162_0,11,324,675,845,1974,2563,1772,204
12,4170_0,17,586,763,943,1807,2551,1885,480
19,4171_0,11,507,776,842,1801,2706,1859,415
4,4174_0,4,890,1063,1120,1953,1894,1426,746
12,4179_0,12,393,737,462,3088,2475,1377,378
0,4185_0,0,508,599,331,57,20,6,437
4,4193_0,3,428,717,852,2024,1578,1222,324
4,4198_0,4,555,819,888,1876,1608,1282,420
12,4199_0,12,471,841,903,2808,3226,1860,322
3,4204_0,19,316,515,487,1145,844,419,250
19,4205_0,19,277,289,308,595,573,448,257
9,4209_0,9,214,373,387,1346,1432,897,137
0,4213_0,0,530,512,203,51,22,14,442
8,4214_0,8,129,173,120,1417,459,199,121
19,4226_0,19,293,320,344,556,828,574,265
12,4230_0,12,434,712,607,2597,2334,1402,361
3,4233_0,4,539,686,710,906,958,802,477
4,4241_0,3,482,623,633,1932,1347,1021,427
17,4249_0,17,330,423,503,772,1449,1317,286
12,4252_0,12,569,931,976,2543,3448,2392,448
17,4260_0,17,260,520,323,2940,1524,811,219
4,4265_0,4,768,960,1009,1461,1567,1325,603
12,4272_0,11,316,618,566,2391,2505,1489,221
11,4273_0,12,464,797,906,2419,3365,2113,319
8,4276_0,9,122,163,122,835,456,229,101
8,4277_0,8,220,347,263,2242,1197,589,191
17,4281_0,17,614,790,973,1549,2342,2018,539
0,4287_0,0,540,737,567,102,19,10,424
0,4292_0,0,582,764,652,126,18,9,476
9,4298_0,8,59,83,66,234,164,88,40
12,4299_0,12,673,933,1017,2435,3345,2237,569
9,4304_0,8,246,434,413,1889,1594,865,190
17,4316_0,17,485,702,796,1748,1959,1478,413
11,4317_0,11,317,569,674,2002,2527,1582,198
3,4319_0,3,417,540,511,1610,1081,755,353
0,4324_0,0,421,308,112,34,21,12,402
17,4328_0,11,381,609,665,1657,1708,1070,243
11,4335_0,11,66,109,91,458,458,266,30
8,4341_0,9,174,290,217,2267,1168,490,142
17,4342_0,2,372,632,494,3348,1536,872,317
12,4350_0,11,396,625,699,1957,2513,1756,277
0,4353_0,0,417,456,208,47,18,15,335
11,4359_0,11,430,580,610,1628,2140,1434,384
17,4360_0,17,296,495,366,2308,1674,852,292
11,4374_0,11,230,458,526,1863,2224,1393,160
12,4378_0,12,399,702,617,2385,2531,1489,330
4,4385_0,5,561,753,723,757,815,706,452
8,4389_0,9,118,214,180,995,733,350,75
12,4392_0,12,473,694,585,2088,2455,1598,422
11,4394_0,17,269,542,468,2249,1752,1170,223
8,4396_0,9,127,217,181,1325,751,385,103
0,4407_0,0,272,292,217,119,78,58,268
17,4412_0,17,336,483,423,1570,1464,1045,300
0,4420_0,0,433,605,438,78,27,10,348
0,4423_0,0,239,202,92,59,37,26,238
9,4433_0,11,215,346,366,1329,1431,839,144
8,4438_0,9,179,315,233,2002,1021,493,141
12,4441_0,2,356,664,427,3756,1574,801,301
11,4443_0,11,220,445,510,1545,1690,1104,156
2,4445_0,2,236,417,374,1548,933,656,109
12,4446_0,12,409,780,656,3069,3070,1823,333
11,4447_0,17,519,732,850,1798,2664,2072,434
12,4451_0,12,426,757,868,2246,2690,1567,272
9,4453_0,11,69,204,176,1297,740,380,33
9,4459_0,9,199,378,320,2178,1471,729,156
0,4462_0,0,426,396,138,41,17,12,379
11,4470_0,19,334,466,447,1281,1062,686,287
12,4473_0,12,347,664,532,3665,2184,1135,284
17,4478_0,17,486,660,816,1234,1900,1648,425
17,4482_0,12,518,742,936,1570,2830,2469,441
9,4488_0,8,122,243,191,1865,744,351,103
12,4494_0,17,456,737,950,2211,3112,2210,344
0,4500_0,0,525,539,212,45,22,13,431
0,4502_0,0,220,214,84,41,27,17,239
9,4505_0,11,223,365,306,2000,1368,711,194
8,4508_0,8,110,119,79,856,321,145,107
3,4511_0,3,321,425,388,1859,1151,620,285
12,4521_0,12,544,856,825,2337,2631,1676,425
12,4541_0,12,431,740,551,2805,2649,1616,381
3,4546_0,3,299,493,545,1531,1052,704,226
17,4548_0,3,677,950,1331,2457,2264,1528,416
17,4552_0,16,431,742,797,2627,2095,1427,354
12,4553_0,12,602,1124,1126,3484,3197,1809,417
2,4557_0,17,286,530,506,1850,1680,917,212
0,4563_0,0,231,173,93,52,35,27,242
17,4567_0,17,269,603,411,2626,1544,848,242
3,4568_0,17,467,700,624,2393,1662,1057,418
0,4569_0,0,235,213,86,43,22,15,242
9,4577_0,9,79,162,145,877,667,335,47
11,4581_0,12,307,534,448,1874,1865,1087,255
17,4591_0,17,282,443,472,2402,1857,1156,252
5,4592_0,12,1648,2039,2213,2424,3043,2809,1413
4,4593_0,4,748,873,914,1596,1461,1118,648
12,4611_0,12,372,641,662,2133,3137,2078,292
8,4612_0,8,21,64,68,235,218,133,-28
9,4620_0,2,205,394,327,2314,1185,601,142
17,4630_0,17,340,516,529,1338,1552,1057,316
0,4640_0,0,314,277,99,41,19,9,302
17,4641_0,17,274,363,453,778,1962,1914,249
17,4645_0,17,334,552,548,1992,1476,995,264
4,4649_0,4,571,920,1025,1845,1536,1298,417
9,4658_0,11,75,201,178,1541,853,468,26
0,4659_0,0,490,523,250,58,27,22,421
3,4661_0,4,612,961,985,1911,1604,1265,469
17,4672_0,12,479,816,797,2285,2071,1243,377
17,4691_0,17,514,684,710,1708,1966,1437,461
8,4698_0,8,48,159,114,1679,443,183,11
2,4699_0,3,570,731,819,2217,1773,1216,475
17,4703_0,17,795,1269,1485,2532,3000,2599,648
9,4712_0,8,91,221,170,1300,734,367,45
5,4713_0,5,1009,1294,1422,1913,1813,1514,821
17,4714_0,9,282,454,432,2443,1715,895,198
12,4720_0,12,329,754,580,3603,2493,1309,255
4,4725_0,5,753,914,904,857,953,920,713
9,4728_0,9,112,237,188,1428,841,415,86
9,4739_0,9,101,208,165,1084,904,464,37
3,4746_0,3,548,674,744,1924,1630,1173,478
2,4751_0,12,382,615,697,1440,1808,1183,267
4,4756_0,3,694,846,878,1457,1297,1004,619
9,4758_0,9,220,374,277,2735,1327,632,187
9,4762_0,9,132,248,231,1449,956,500,76
17,4765_0,12,749,1027,1261,2252,3434,2809,644
5,4766_0,4,1670,1839,1966,2184,1704,1223,1535
11,4783_0,11,225,464,560,1220,1120,788,159
4,4787_0,4,415,769,876,1496,1612,1472,183
9,4794_0,8,132,281,264,1882,1293,649,65
9,4800_0,9,144,288,255,1269,853,468,91
17,4804_0,17,470,715,908,1544,2164,1816,364
11,4808_0,17,651,959,1226,1998,2528,1903,513
8,4811_0,9,152,315,212,2004,1085,522,100
0,4816_0,0,498,564,294,54,16,11,417
12,4820_0,12,389,696,610,2883,2574,1499,331
4,4821_0,17,508,663,667,1871,1363,934,468
17,4826_0,3,319,583,587,1826,1548,1048,256
0,4829_0,0,199,138,77,40,31,22,220
17,4830_0,17,494,561,612,1030,1566,1486,467
17,4832_0,4,442,443,442,1204,896,614,376
17,4836_0,17,278,353,404,576,1010,884,215
12,4852_0,12,406,754,539,3241,2541,1431,347
2,4853_0,2,230,362,334,1905,900,532,194
3,4855_0,4,379,630,726,1791,1466,1110,263
3,4858_0,17,380,706,648,1935,1674,1034,305
8,4866_0,8,97,216,161,2436,879,365,50
0,4867_0,0,281,268,109,52,32,25,279
8,4872_0,8,105,255,176,2638,889,375,72
3,4873_0,3,377,539,533,1634,962,692,343
0,4877_0,0,442,442,189,48,16,13,397
17,4884_0,12,355,462,436,1127,1461,1076,320
12,4889_0,4,311,613,482,2277,1837,1136,224
0,4901_0,0,277,277,202,125,74,52,272
8,4904_0,8,80,256,166,2808,912,375,38
2,4907_0,17,307,552,530,2408,1694,1018,254
17,4910_0,17,662,844,1040,1620,2843,2254,560
12,4920_0,2,298,630,445,2849,2197,1112,257
4,4921_0,3,510,754,981,1936,1348,1081,362
17,4922_0,17,342,617,700,2414,1765,1221,270
5,4926_0,5,3871,4570,5039,5507,5383,3298,3462
17,4927_0,17,315,404,438,1380,1388,1010,278
12,4928_0,12,612,1031,1222,2856,3676,2425,440
8,4938_0,8,115,241,169,2537,674,252,86
9,4949_0,8,139,361,319,2570,1464,726,69
9,4950_0,11,107,133,127,374,446,293,81
19,4952_0,19,400,499,539,1242,1091,767,349
3,4955_0,11,376,721,788,2016,1973,1199,241
17,4958_0,12,360,610,588,2892,1907,1114,293
4,4967_0,2,798,952,999,1654,1583,1199,711
17,4972_0,17,568,720,761,1545,2005,1695,511
12,4976_0,12,428,783,828,2746,2694,1563,282
11,4978_0,17,270,351,404,1549,1397,917,265
12,4984_0,12,425,609,541,2078,2284,1459,381
0,4985_0,0,467,599,388,63,20,14,362
17,4986_0,4,627,991,983,2358,2218,1712,440
17,4987_0,12,343,618,696,1671,1784,1137,218
17,4989_0,17,500,678,872,1364,1812,1577,433
17,4991_0,17,512,658,780,1168,1786,1552,443
4,4994_0,4,847,1056,1095,1905,2001,1556,763
